asset_type,symbol,exchange,country_code,currency,name,price,change,change_percent,volume,market_cap,data_status,day_high,day_low,open,previous_close,generated_at_utc
EQUITY,SHEL,LSE,GB,GBP,Shell plc,12.21726723,0.22706389,1.8585,293265301.28,4328641226770.44,SYNTHETIC_MOCK_DATA,12.43514105,12.01601834,11.99020334,11.99020334,2026-09-17T12:53:49.326764+00:00
EQUITY,AZN,LSE,GB,GBP,AstraZeneca,2.4395254,-0.03717863,-1.524,98623917.06,848702686841.37,SYNTHETIC_MOCK_DATA,2.57671257,2.40316716,2.47670403,2.47670403,2026-09-17T12:53:49.326863+00:00
EQUITY,HSBA,LSE,GB,GBP,HSBC Holdings,3.10434895,0.13078893,4.2131,269280575.67,1023819725352.14,SYNTHETIC_MOCK_DATA,3.11736198,2.96706723,2.97356001,2.97356001,2026-09-17T12:53:49.326885+00:00
EQUITY,ULVR,LSE,GB,GBP,Unilever,1.72975047,0.06834442,3.9511,231734739.48,85464445630.08,SYNTHETIC_MOCK_DATA,1.81319977,1.63870982,1.66140605,1.66140605,2026-09-17T12:53:49.326902+00:00
EQUITY,BP,LSE,GB,GBP,BP plc,8.098163,-0.48466181,-5.9848,294468129.45,2020387732187.01,SYNTHETIC_MOCK_DATA,8.19742247,7.70330287,8.58282481,8.58282481,2026-09-17T12:53:49.326918+00:00
EQUITY,RIO,LSE,GB,GBP,Rio Tinto,11.96810859,-0.35298824,-2.9494,60696597.51,2235580996032.84,SYNTHETIC_MOCK_DATA,12.14065659,11.67094974,12.32109683,12.32109683,2026-09-17T12:53:49.326934+00:00
EQUITY,GSK,LSE,GB,GBP,GSK plc,3.41382173,-0.07596643,-2.2253,92055317.8,147842595070.76,SYNTHETIC_MOCK_DATA,3.51997574,3.38364671,3.48978816,3.48978816,2026-09-17T12:53:49.326949+00:00
EQUITY,BATS,LSE,GB,GBP,BATS,39.22656115,-2.21147192,-5.6377,81809173.07,8772010664343.74,SYNTHETIC_MOCK_DATA,40.33113579,36.88187279,41.43803308,41.43803308,2026-09-17T12:53:49.326965+00:00
EQUITY,DGE,LSE,GB,GBP,DGE,15.63499665,-0.41413755,-2.6488,90483199.05,687004246420.13,SYNTHETIC_MOCK_DATA,15.75255425,15.2482175,16.0491342,16.0491342,2026-09-17T12:53:49.326982+00:00
EQUITY,VOD,LSE,GB,GBP,Vodafone Group,29.09254996,1.19977665,4.124,13714673.05,1452416460205.5,SYNTHETIC_MOCK_DATA,30.35223694,28.89272053,27.89277331,27.89277331,2026-09-17T12:53:49.326998+00:00
EQUITY,BARC,LSE,GB,GBP,BARC,3.11039344,0.13011948,4.1834,176812552.6,685426307358.49,SYNTHETIC_MOCK_DATA,3.25589343,3.00927367,2.98027397,2.98027397,2026-09-17T12:53:49.327014+00:00
EQUITY,LLOY,LSE,GB,GBP,LLOY,9.84953421,-0.52964881,-5.3774,283276751.35,2982778912601.69,SYNTHETIC_MOCK_DATA,10.12814669,9.6010151,10.37918301,10.37918301,2026-09-17T12:53:49.327030+00:00
EQUITY,NWG,LSE,GB,GBP,NWG,22.2271218,-0.08393058,-0.3776,290833336.91,1286316828622.54,SYNTHETIC_MOCK_DATA,23.36747173,21.28888316,22.31105238,22.31105238,2026-09-17T12:53:49.327046+00:00
EQUITY,RR,LSE,GB,GBP,RR,3.98882422,0.1695775,4.2513,108584628.11,44247466718.64,SYNTHETIC_MOCK_DATA,4.07076145,3.84614211,3.81924672,3.81924672,2026-09-17T12:53:49.327061+00:00
EQUITY,BA,LSE,GB,GBP,BA,22.85274797,-0.60778902,-2.6596,75235532.92,748138020264.9,SYNTHETIC_MOCK_DATA,24.2075553,22.22889311,23.46053699,23.46053699,2026-09-17T12:53:49.327076+00:00
EQUITY,NG,LSE,GB,GBP,NG,16.98370393,0.82256673,4.8433,173114496.83,5800254612595.11,SYNTHETIC_MOCK_DATA,17.65302602,16.1461192,16.16113721,16.16113721,2026-09-17T12:53:49.327092+00:00
EQUITY,REL,LSE,GB,GBP,REL,2.74498584,-0.07673104,-2.7953,221632520.64,346100121343.04,SYNTHETIC_MOCK_DATA,2.83712525,2.66822915,2.82171688,2.82171688,2026-09-17T12:53:49.327133+00:00
EQUITY,CPG,LSE,GB,GBP,CPG,2.43147411,0.08888555,3.6556,208665888.74,565198846256.89,SYNTHETIC_MOCK_DATA,2.47130813,2.34132775,2.34258857,2.34258857,2026-09-17T12:53:49.327149+00:00
EQUITY,GLEN,LSE,GB,GBP,GLEN,23.32792744,-1.20810991,-5.1788,21472063.99,3916692720566.23,SYNTHETIC_MOCK_DATA,23.70109341,23.16750795,24.53603735,24.53603735,2026-09-17T12:53:49.327165+00:00
EQUITY,AAL,LSE,GB,GBP,AAL,18.57530695,-0.43018332,-2.3159,32445055.37,4220725822394.02,SYNTHETIC_MOCK_DATA,19.36197047,18.27847668,19.00549028,19.00549028,2026-09-17T12:53:49.327180+00:00
EQUITY,SAP,XETRA,DE,EUR,SAP SE,224.70572858,-2.25208529,-1.0022,281699917.87,13031667248038.66,SYNTHETIC_MOCK_DATA,229.97489162,222.44732579,226.95781387,226.95781387,2026-09-17T12:53:49.327197+00:00
EQUITY,SIE,XETRA,DE,EUR,Siemens AG,16.17787933,-0.02487349,-0.1538,41544620.87,1066190251749.33,SYNTHETIC_MOCK_DATA,16.92948478,15.63260706,16.20275282,16.20275282,2026-09-17T12:53:49.327213+00:00
EQUITY,DTE,XETRA,DE,EUR,DTE,2.14628493,-0.10401347,-4.8462,162128728.44,844656216692.75,SYNTHETIC_MOCK_DATA,2.23638848,2.04638192,2.2502984,2.2502984,2026-09-17T12:53:49.327229+00:00
EQUITY,ALV,XETRA,DE,EUR,ALV,7.90297538,-0.25067975,-3.172,145671154.22,2386349863397.33,SYNTHETIC_MOCK_DATA,8.19778212,7.79468177,8.15365513,8.15365513,2026-09-17T12:53:49.327244+00:00
EQUITY,AIR,XETRA,DE,EUR,Air New Zealand,29.15193699,-0.5162159,-1.7708,157753904.76,3438737020474.61,SYNTHETIC_MOCK_DATA,30.85850528,27.8906117,29.66815289,29.66815289,2026-09-17T12:53:49.327260+00:00
EQUITY,BMW,XETRA,DE,EUR,BMW,55.12223767,-2.93611612,-5.3266,260675107.56,18144985594677.94,SYNTHETIC_MOCK_DATA,57.5049087,53.72031559,58.05835379,58.05835379,2026-09-17T12:53:49.327276+00:00
EQUITY,MBG,XETRA,DE,EUR,MBG,27.14922828,-0.09367492,-0.345,137185738.4,3815030504311.01,SYNTHETIC_MOCK_DATA,28.62053473,26.74369807,27.24290319,27.24290319,2026-09-17T12:53:49.327291+00:00
EQUITY,VOW3,XETRA,DE,EUR,VOW3,2.81027124,0.07874864,2.8022,53312194.86,42608264291.96,SYNTHETIC_MOCK_DATA,2.95563827,2.76437628,2.7315226,2.7315226,2026-09-17T12:53:49.327307+00:00
EQUITY,BAS,XETRA,DE,EUR,BAS,219.14507836,-8.48179981,-3.8704,98780379.17,67681649070039.96,SYNTHETIC_MOCK_DATA,222.58838391,211.95343372,227.62687817,227.62687817,2026-09-17T12:53:49.327322+00:00
EQUITY,BAYN,XETRA,DE,EUR,BAYN,6.84295408,0.22384159,3.2711,142339272.2,1083116263886.29,SYNTHETIC_MOCK_DATA,7.09577989,6.6592959,6.61911249,6.61911249,2026-09-17T12:53:49.327337+00:00
EQUITY,MUV2,XETRA,DE,EUR,MUV2,26.52723239,-0.2600157,-0.9802,162630809.4,4359783743341.75,SYNTHETIC_MOCK_DATA,27.75439655,25.69226975,26.78724809,26.78724809,2026-09-17T12:53:49.327353+00:00
EQUITY,DBK,XETRA,DE,EUR,DBK,11.01518077,0.42477064,3.8562,28575903.55,1609437644809.53,SYNTHETIC_MOCK_DATA,11.59821085,10.73717491,10.59041012,10.59041012,2026-09-17T12:53:49.327368+00:00
EQUITY,DB1,XETRA,DE,EUR,DB1,232.22016286,-1.44256613,-0.6212,268181836.87,34458130786290.49,SYNTHETIC_MOCK_DATA,243.52294887,222.28057204,233.66272899,233.66272899,2026-09-17T12:53:49.327383+00:00
EQUITY,ADS,XETRA,DE,EUR,ADS,4.99389588,-0.1790022,-3.5844,38499823.0,1364906712422.76,SYNTHETIC_MOCK_DATA,5.2628379,4.7426233,5.17289808,5.17289808,2026-09-17T12:53:49.327399+00:00
EQUITY,IFX,XETRA,DE,EUR,IFX,29.63122027,0.99762728,3.3668,262366155.38,9646278710376.08,SYNTHETIC_MOCK_DATA,30.66282492,29.50362631,28.63359299,28.63359299,2026-09-17T12:53:49.327414+00:00
EQUITY,HEN3,XETRA,DE,EUR,HEN3,4.39209221,-0.0254584,-0.5796,26906214.8,136091802380.34,SYNTHETIC_MOCK_DATA,4.61594087,4.3347696,4.41755061,4.41755061,2026-09-17T12:53:49.327429+00:00
EQUITY,RWE,XETRA,DE,EUR,RWE,112.98339045,-1.23222035,-1.0906,163253128.8,6973270326971.7,SYNTHETIC_MOCK_DATA,119.2610363,110.73346412,114.21561079,114.21561079,2026-09-17T12:53:49.327444+00:00
EQUITY,VNA,XETRA,DE,EUR,VNA,136.49087545,-1.15909548,-0.8492,194752812.97,19364743306738.7,SYNTHETIC_MOCK_DATA,139.87258348,134.38722517,137.64997093,137.64997093,2026-09-17T12:53:49.327460+00:00
EQUITY,LIN,XETRA,DE,EUR,LIN,24.79622418,0.93423941,3.7677,141665333.8,4817111708645.67,SYNTHETIC_MOCK_DATA,24.91960225,23.9787061,23.86198477,23.86198477,2026-09-17T12:53:49.327476+00:00
EQUITY,BEI,XETRA,DE,EUR,BEI,6.54067416,0.17781178,2.7186,227871128.7,1127645680877.23,SYNTHETIC_MOCK_DATA,6.88531668,6.3084542,6.36286238,6.36286238,2026-09-17T12:53:49.327491+00:00
EQUITY,OR,EURONEXT,EU,EUR,L'Oréal,8.32783365,-0.46931471,-5.6355,174321305.88,605598739447.76,SYNTHETIC_MOCK_DATA,8.38925505,8.24211799,8.79714836,8.79714836,2026-09-17T12:53:49.327507+00:00
EQUITY,MC,EURONEXT,EU,EUR,LVMH,33.1418007,1.65418418,4.9912,147154691.84,4167864216332.58,SYNTHETIC_MOCK_DATA,34.9235969,31.88274004,31.48761652,31.48761652,2026-09-17T12:53:49.327523+00:00
EQUITY,TTE,EURONEXT,EU,EUR,TTE,81.63647531,-3.97988264,-4.8751,188981274.38,29299012481523.71,SYNTHETIC_MOCK_DATA,83.04085096,80.56709228,85.61635795,85.61635795,2026-09-17T12:53:49.327540+00:00
EQUITY,SAN,EURONEXT,EU,EUR,Sanofi,3.32175422,-0.12074475,-3.635,216286167.71,503121665447.85,SYNTHETIC_MOCK_DATA,3.38769853,3.22063075,3.44249898,3.44249898,2026-09-17T12:53:49.327590+00:00
EQUITY,BNP,EURONEXT,EU,EUR,BNP,235.3770744,0.23384232,0.0993,45459538.58,13475594431897.01,SYNTHETIC_MOCK_DATA,248.71600107,234.44759251,235.14323208,235.14323208,2026-09-17T12:53:49.327607+00:00
EQUITY,AIR,EURONEXT,EU,EUR,Air New Zealand,3.2041743,-0.01949642,-0.6085,168588598.82,301387175983.8,SYNTHETIC_MOCK_DATA,3.32562625,3.06998587,3.22367072,3.22367072,2026-09-17T12:53:49.327622+00:00
EQUITY,SU,EURONEXT,EU,EUR,SU,41.64034351,-1.72352201,-4.1391,183942246.32,10538158105468.32,SYNTHETIC_MOCK_DATA,43.61830873,41.07447115,43.36386552,43.36386552,2026-09-17T12:53:49.327638+00:00
EQUITY,AI,EURONEXT,EU,EUR,AI,34.45072152,-0.45811318,-1.3298,53615099.92,11138703546831.58,SYNTHETIC_MOCK_DATA,35.2672187,33.12719208,34.9088347,34.9088347,2026-09-17T12:53:49.327653+00:00
EQUITY,DG,EURONEXT,EU,EUR,DG,21.76609146,1.21042189,5.561,200955432.87,823525631169.9,SYNTHETIC_MOCK_DATA,22.40724155,21.60951046,20.55566956,20.55566956,2026-09-17T12:53:49.327668+00:00
EQUITY,CS,EURONEXT,EU,EUR,CS,42.38559528,-0.8924855,-2.1056,206816543.38,2606631538276.33,SYNTHETIC_MOCK_DATA,44.20946738,41.46117691,43.27808077,43.27808077,2026-09-17T12:53:49.327683+00:00
EQUITY,EL,EURONEXT,EU,EUR,EL,61.10446576,0.93010764,1.5222,179437937.32,24348703697300.26,SYNTHETIC_MOCK_DATA,61.45624075,58.55980493,60.17435812,60.17435812,2026-09-17T12:53:49.327699+00:00
EQUITY,RI,EURONEXT,EU,EUR,RI,46.45536769,-2.52482891,-5.435,235187678.09,1617939816070.52,SYNTHETIC_MOCK_DATA,48.90671079,45.84624451,48.9801966,48.9801966,2026-09-17T12:53:49.327714+00:00
EQUITY,VIV,EURONEXT,EU,EUR,VIV,17.4790079,-0.82559231,-4.7233,147094277.45,1281184269837.8,SYNTHETIC_MOCK_DATA,17.7380928,16.90278908,18.30460021,18.30460021,2026-09-17T12:53:49.327730+00:00
EQUITY,ORA,EURONEXT,EU,EUR,ORA,51.68345858,-0.18235666,-0.3528,215828282.26,13682811714492.67,SYNTHETIC_MOCK_DATA,52.6476373,49.38880327,51.86581524,51.86581524,2026-09-17T12:53:49.327747+00:00
EQUITY,EN,EURONEXT,EU,EUR,EN,64.45715416,3.26382995,5.0636,250375607.61,23871912703905.79,SYNTHETIC_MOCK_DATA,66.83544903,61.71414719,61.19332421,61.19332421,2026-09-17T12:53:49.327762+00:00
EQUITY,BN,EURONEXT,EU,EUR,BN,2.86779966,-0.01985637,-0.6924,258695704.51,1104449157591.96,SYNTHETIC_MOCK_DATA,2.97366006,2.77575911,2.88765603,2.88765603,2026-09-17T12:53:49.327777+00:00
EQUITY,KER,EURONEXT,EU,EUR,KER,178.01842892,3.81704334,2.1442,249844739.94,70799834152597.94,SYNTHETIC_MOCK_DATA,186.19716627,167.73326065,174.20138557,174.20138557,2026-09-17T12:53:49.327792+00:00
EQUITY,CAP,EURONEXT,EU,EUR,CAP,16.26147454,-0.1721206,-1.0585,51970821.59,268566995867.2,SYNTHETIC_MOCK_DATA,16.53971924,15.80473594,16.43359514,16.43359514,2026-09-17T12:53:49.327807+00:00
EQUITY,SAF,EURONEXT,EU,EUR,SAF,13.09093293,0.13963384,1.0666,5351030.03,4151021297549.24,SYNTHETIC_MOCK_DATA,13.3587775,13.01089697,12.95129908,12.95129908,2026-09-17T12:53:49.327822+00:00
EQUITY,STM,EURONEXT,EU,EUR,STM,201.64738684,11.84991222,5.8766,153294687.43,7394303460427.54,SYNTHETIC_MOCK_DATA,202.96297108,197.60794023,189.79747463,189.79747463,2026-09-17T12:53:49.327838+00:00
EQUITY,NESN,SIX,CH,CHF,NESN,291.27169526,-4.31465203,-1.4813,287400964.36,11427846267565.62,SYNTHETIC_MOCK_DATA,305.69091259,284.31791411,295.58634728,295.58634728,2026-09-17T12:53:49.327854+00:00
EQUITY,NOVN,SIX,CH,CHF,Novartis,241.70129852,-8.91052511,-3.6866,249082200.62,81954619703278.25,SYNTHETIC_MOCK_DATA,250.67034578,235.28352708,250.61182363,250.61182363,2026-09-17T12:53:49.327869+00:00
EQUITY,ROG,SIX,CH,CHF,Roche,191.50064667,7.31482348,3.8197,77960023.61,54866304489300.23,SYNTHETIC_MOCK_DATA,192.11470747,185.15381805,184.18582319,184.18582319,2026-09-17T12:53:49.327885+00:00
EQUITY,UBSG,SIX,CH,CHF,UBSG,164.47592665,3.85876291,2.3461,130012648.13,21210748413247.43,SYNTHETIC_MOCK_DATA,172.48269555,161.86181188,160.61716374,160.61716374,2026-09-17T12:53:49.327901+00:00
EQUITY,ZURN,SIX,CH,CHF,ZURN,17.1526626,-0.45741925,-2.6668,156293505.21,5813691828770.68,SYNTHETIC_MOCK_DATA,17.5603708,16.23711386,17.61008186,17.61008186,2026-09-17T12:53:49.327916+00:00
EQUITY,ABBN,SIX,CH,CHF,ABBN,10.07864945,-0.47634922,-4.7263,138691214.9,1826314583622.63,SYNTHETIC_MOCK_DATA,10.55663193,9.50535785,10.55499867,10.55499867,2026-09-17T12:53:49.327932+00:00
EQUITY,CFR,SIX,CH,CHF,CFR,528.27063548,30.50147609,5.7738,234098949.63,12499909058145.6,SYNTHETIC_MOCK_DATA,542.89726512,516.09068359,497.76915939,497.76915939,2026-09-17T12:53:49.327947+00:00
EQUITY,SIKA,SIX,CH,CHF,SIKA,167.81270599,9.90769754,5.904,158794702.93,66026716676339.27,SYNTHETIC_MOCK_DATA,168.32679674,164.43937561,157.90500845,157.90500845,2026-09-17T12:53:49.327962+00:00
EQUITY,LONN,SIX,CH,CHF,LONN,75.46873216,-3.17690886,-4.2096,31120136.94,22994511309659.43,SYNTHETIC_MOCK_DATA,79.83482671,73.79570013,78.64564102,78.64564102,2026-09-17T12:53:49.327977+00:00
EQUITY,GIVN,SIX,CH,CHF,GIVN,155.58890421,0.68257655,0.4387,94814797.87,56256732599545.41,SYNTHETIC_MOCK_DATA,159.79276356,154.20151994,154.90632766,154.90632766,2026-09-17T12:53:49.327993+00:00
EQUITY,HOLN,SIX,CH,CHF,HOLN,85.93604503,3.19496793,3.7178,245241299.23,21006643410561.96,SYNTHETIC_MOCK_DATA,88.65768288,82.38952,82.74107709,82.74107709,2026-09-17T12:53:49.328008+00:00
EQUITY,GEBN,SIX,CH,CHF,GEBN,202.95305845,-11.54812326,-5.69,199259228.89,50784603993657.77,SYNTHETIC_MOCK_DATA,206.30070106,198.16150611,214.5011817,214.5011817,2026-09-17T12:53:49.328023+00:00
EQUITY,SCMN,SIX,CH,CHF,SCMN,660.67130211,10.72768041,1.6238,89650658.38,148419838596813.88,SYNTHETIC_MOCK_DATA,674.85805029,624.771948,649.9436217,649.9436217,2026-09-17T12:53:49.328039+00:00
EQUITY,SLHN,SIX,CH,CHF,SLHN,18.15215707,0.60863577,3.353,197575216.23,6060386575348.26,SYNTHETIC_MOCK_DATA,18.86579751,17.80745525,17.54352129,17.54352129,2026-09-17T12:53:49.328053+00:00
EQUITY,LOGN,SIX,CH,CHF,LOGN,16.46863622,-0.33809348,-2.053,225602208.65,380969737544.76,SYNTHETIC_MOCK_DATA,16.91261274,16.16804341,16.8067297,16.8067297,2026-09-17T12:53:49.328068+00:00
EQUITY,IBE,BME,ES,EUR,Iberdrola,32.80102455,-0.14638424,-0.4463,1185315.07,465001107155.73,SYNTHETIC_MOCK_DATA,34.34572656,31.31477589,32.94740879,32.94740879,2026-09-17T12:53:49.328083+00:00
EQUITY,ITX,BME,ES,EUR,Inditex,47.83248636,1.62902649,3.4057,33929148.73,15019832065734.09,SYNTHETIC_MOCK_DATA,49.21942695,44.99482536,46.20345987,46.20345987,2026-09-17T12:53:49.328112+00:00
EQUITY,SAN,BME,ES,EUR,Sanofi,14.01449578,0.01276141,0.0911,172664154.67,290396699834.87,SYNTHETIC_MOCK_DATA,14.80074259,13.35967938,14.00173437,14.00173437,2026-09-17T12:53:49.328130+00:00
EQUITY,BBVA,BME,ES,EUR,BBVA,4.92099539,0.02422244,0.4922,216779685.13,1875339026557.82,SYNTHETIC_MOCK_DATA,5.19340867,4.82596792,4.89677295,4.89677295,2026-09-17T12:53:49.328145+00:00
EQUITY,TEF,BME,ES,EUR,TEF,25.74566509,0.27066212,1.0513,208889905.47,6554186620742.44,SYNTHETIC_MOCK_DATA,26.93198437,24.79358004,25.47500297,25.47500297,2026-09-17T12:53:49.328161+00:00
EQUITY,CABK,BME,ES,EUR,CABK,3.04050331,0.04491764,1.4773,23464932.76,772195992989.01,SYNTHETIC_MOCK_DATA,3.09578202,3.00115121,2.99558567,2.99558567,2026-09-17T12:53:49.328176+00:00
EQUITY,REP,BME,ES,EUR,REP,14.80814283,0.56148711,3.7917,102301527.78,1760733392343.24,SYNTHETIC_MOCK_DATA,15.56991358,14.4238429,14.24665572,14.24665572,2026-09-17T12:53:49.328191+00:00
EQUITY,FER,BME,ES,EUR,FER,31.54018762,1.05637204,3.3493,51229620.03,8719722626416.7,SYNTHETIC_MOCK_DATA,33.40867121,30.96940715,30.48381558,30.48381558,2026-09-17T12:53:49.328205+00:00
EQUITY,AENA,BME,ES,EUR,AENA,3.33531235,-0.1418833,-4.254,86822608.43,1310019515518.84,SYNTHETIC_MOCK_DATA,3.48738994,3.23845034,3.47719565,3.47719565,2026-09-17T12:53:49.328220+00:00
EQUITY,AMS,BME,ES,EUR,AMS,2.94544072,0.08755564,2.9726,269006870.6,184172214361.66,SYNTHETIC_MOCK_DATA,3.05754322,2.88200267,2.85788507,2.85788507,2026-09-17T12:53:49.328234+00:00
EQUITY,ACS,BME,ES,EUR,ACS,2.13103001,0.03486579,1.6361,9551819.49,146955788171.9,SYNTHETIC_MOCK_DATA,2.1857017,2.1010752,2.09616423,2.09616423,2026-09-17T12:53:49.328249+00:00
EQUITY,ENG,BME,ES,EUR,ENG,2.89652896,0.07641129,2.638,261337661.59,58909177111.05,SYNTHETIC_MOCK_DATA,2.93390624,2.86232758,2.82011766,2.82011766,2026-09-17T12:53:49.328263+00:00
EQUITY,CLNX,BME,ES,EUR,CLNX,10.26720175,0.57924723,5.6417,289361743.27,354963728250.16,SYNTHETIC_MOCK_DATA,10.38025426,9.8191022,9.68795452,9.68795452,2026-09-17T12:53:49.328277+00:00
EQUITY,GRF,BME,ES,EUR,GRF,82.97543329,3.95834373,4.7705,166464043.12,10108486983358.23,SYNTHETIC_MOCK_DATA,86.62622456,78.56242118,79.01708956,79.01708956,2026-09-17T12:53:49.328292+00:00
EQUITY,COL,BME,ES,EUR,COL,13.3430604,-0.50182993,-3.761,137048590.12,5058650629611.1,SYNTHETIC_MOCK_DATA,13.80569314,12.89132295,13.84489033,13.84489033,2026-09-17T12:53:49.328307+00:00
EQUITY,ENI,BIT,IT,EUR,Eni,39.1861522,-0.18780944,-0.4793,156305506.25,7706477485585.23,SYNTHETIC_MOCK_DATA,39.83087934,37.5883105,39.37396164,39.37396164,2026-09-17T12:53:49.328322+00:00
EQUITY,ENEL,BIT,IT,EUR,Enel,12.10171364,0.46796678,3.8669,86603315.43,3161385399971.95,SYNTHETIC_MOCK_DATA,12.55492979,11.89486433,11.63374686,11.63374686,2026-09-17T12:53:49.328337+00:00
EQUITY,ISP,BIT,IT,EUR,ISP,76.56624336,-1.08665535,-1.4192,107527477.45,3677331093879.59,SYNTHETIC_MOCK_DATA,77.36361841,73.1545859,77.65289871,77.65289871,2026-09-17T12:53:49.328352+00:00
EQUITY,UCG,BIT,IT,EUR,UCG,82.11689092,4.1249008,5.0232,217737955.1,11245410514796.84,SYNTHETIC_MOCK_DATA,85.33062055,79.83850855,77.99199012,77.99199012,2026-09-17T12:53:49.328367+00:00
EQUITY,STLAM,BIT,IT,EUR,STLAM,23.3802343,-0.92477207,-3.9554,218460044.19,973062939286.57,SYNTHETIC_MOCK_DATA,24.71955603,22.25092083,24.30500637,24.30500637,2026-09-17T12:53:49.328403+00:00
EQUITY,RACE,BIT,IT,EUR,RACE,18.24544942,-0.90702423,-4.9712,184372804.24,6087515573336.56,SYNTHETIC_MOCK_DATA,19.19024311,17.19015459,19.15247366,19.15247366,2026-09-17T12:53:49.328419+00:00
EQUITY,STM,BIT,IT,EUR,STM,11.71945346,0.61677001,5.2628,230282714.1,4382760525522.84,SYNTHETIC_MOCK_DATA,12.17899137,11.27573572,11.10268345,11.10268345,2026-09-17T12:53:49.328434+00:00
EQUITY,G,BIT,IT,EUR,G,14.31509442,0.32710443,2.285,120161187.72,5230956942612.6,SYNTHETIC_MOCK_DATA,14.44838692,13.743015,13.98799,13.98799,2026-09-17T12:53:49.328450+00:00
EQUITY,MONC,BIT,IT,EUR,MONC,13.16478563,0.64898526,4.9297,296889778.99,2426256164180.55,SYNTHETIC_MOCK_DATA,13.69561885,12.5414484,12.51580038,12.51580038,2026-09-17T12:53:49.328465+00:00
EQUITY,PRY,BIT,IT,EUR,PRY,9.40641386,-0.14685555,-1.5612,142595836.81,1455692169865.46,SYNTHETIC_MOCK_DATA,9.94041866,9.29210791,9.55326941,9.55326941,2026-09-17T12:53:49.328479+00:00
EQUITY,LDO,BIT,IT,EUR,LDO,10.42576236,-0.09839609,-0.9438,161139811.32,2333880186901.48,SYNTHETIC_MOCK_DATA,10.96512945,9.88759298,10.52415846,10.52415846,2026-09-17T12:53:49.328494+00:00
EQUITY,TEN,BIT,IT,EUR,TEN,5.12810596,-0.09153673,-1.785,239995339.09,2033770749729.95,SYNTHETIC_MOCK_DATA,5.19847006,5.02868025,5.21964269,5.21964269,2026-09-17T12:53:49.328508+00:00
EQUITY,SRG,BIT,IT,EUR,SRG,41.17958842,2.17907487,5.2916,118774179.2,360944944787.17,SYNTHETIC_MOCK_DATA,42.99306497,40.0051209,39.00051355,39.00051355,2026-09-17T12:53:49.328522+00:00
EQUITY,TRN,BIT,IT,EUR,TRN,82.36227823,2.53323396,3.0757,30667802.86,12729269988789.22,SYNTHETIC_MOCK_DATA,87.26869929,79.96817048,79.82904427,79.82904427,2026-09-17T12:53:49.328537+00:00
EQUITY,BAMI,BIT,IT,EUR,BAMI,65.0335866,1.54476089,2.3753,278051871.15,11002841937064.03,SYNTHETIC_MOCK_DATA,65.8087869,63.4400688,63.48882571,63.48882571,2026-09-17T12:53:49.328553+00:00
EQUITY,7203,JPX,JP,JPY,Toyota Motor,10056.58531727,17.22587135,0.1713,137918456.75,1319709149471594.5,SYNTHETIC_MOCK_DATA,10402.44988745,9856.10026417,10039.35944592,10039.35944592,2026-09-17T12:53:49.328569+00:00
EQUITY,6758,JPX,JP,JPY,Sony Group,7716.13711389,283.30218933,3.6716,297377733.35,1175282704139438.2,SYNTHETIC_MOCK_DATA,8123.8233043,7624.08163906,7432.83492456,7432.83492456,2026-09-17T12:53:49.328586+00:00
EQUITY,9984,JPX,JP,JPY,SoftBank Group,592.04662377,-30.09407416,-5.0831,148422492.93,7875584508414.6,SYNTHETIC_MOCK_DATA,614.48296547,587.56826724,622.14069793,622.14069793,2026-09-17T12:53:49.328602+00:00
EQUITY,8306,JPX,JP,JPY,8306,2253.98274074,-53.40090618,-2.3692,55577473.76,497632282509741.56,SYNTHETIC_MOCK_DATA,2267.85088349,2155.45070232,2307.38364692,2307.38364692,2026-09-17T12:53:49.328617+00:00
EQUITY,6861,JPX,JP,JPY,6861,615.88145233,0.35015325,0.0569,86025737.42,114029556958236.4,SYNTHETIC_MOCK_DATA,648.09884357,589.74765653,615.53129908,615.53129908,2026-09-17T12:53:49.328633+00:00
EQUITY,8035,JPX,JP,JPY,8035,5117.50207252,-92.65128439,-1.8105,17646011.54,331790581461963.7,SYNTHETIC_MOCK_DATA,5342.35738946,4955.58553617,5210.15335691,5210.15335691,2026-09-17T12:53:49.328648+00:00
EQUITY,6501,JPX,JP,JPY,6501,11058.85957244,-209.39218149,-1.8934,83236212.47,3440986739350928.0,SYNTHETIC_MOCK_DATA,11267.21691073,10959.58319639,11268.25175393,11268.25175393,2026-09-17T12:53:49.328664+00:00
EQUITY,9432,JPX,JP,JPY,9432,4304.01721169,245.49398253,5.7038,291401545.16,372886938496023.1,SYNTHETIC_MOCK_DATA,4327.600196,4047.66324827,4058.52322916,4058.52322916,2026-09-17T12:53:49.328679+00:00
EQUITY,7267,JPX,JP,JPY,7267,2792.56315115,-140.27346954,-5.0231,255104475.36,625919008778880.4,SYNTHETIC_MOCK_DATA,2857.01025876,2760.49943856,2932.83662069,2932.83662069,2026-09-17T12:53:49.328695+00:00
EQUITY,4502,JPX,JP,JPY,4502,2062.02184215,14.87812521,0.7215,180918789.83,590042115949718.6,SYNTHETIC_MOCK_DATA,2149.48375907,1953.20902985,2047.14371695,2047.14371695,2026-09-17T12:53:49.328710+00:00
EQUITY,6902,JPX,JP,JPY,6902,6486.8898693,-205.61216664,-3.1697,101528071.79,221877002416959.4,SYNTHETIC_MOCK_DATA,6624.53458903,6351.08844788,6692.50203595,6692.50203595,2026-09-17T12:53:49.328725+00:00
EQUITY,6098,JPX,JP,JPY,6098,13911.92721731,-144.74726624,-1.0405,273358525.07,375250037471499.56,SYNTHETIC_MOCK_DATA,14406.30766715,13341.4819607,14056.67448355,14056.67448355,2026-09-17T12:53:49.328740+00:00
EQUITY,8058,JPX,JP,JPY,8058,2168.56584303,0.87184125,0.0402,85334237.76,281947972274773.3,SYNTHETIC_MOCK_DATA,2238.33076627,2038.92954744,2167.69400178,2167.69400178,2026-09-17T12:53:49.328757+00:00
EQUITY,8316,JPX,JP,JPY,8316,12055.59870297,526.43610355,4.3667,139735492.84,42057389282553.21,SYNTHETIC_MOCK_DATA,12543.32401866,11570.8146917,11529.16259942,11529.16259942,2026-09-17T12:53:49.328772+00:00
EQUITY,9433,JPX,JP,JPY,9433,16128.58861827,-866.90000063,-5.3749,20583344.03,5142029880017974.0,SYNTHETIC_MOCK_DATA,16719.57829409,15671.68003516,16995.48861889,16995.48861889,2026-09-17T12:53:49.328787+00:00
EQUITY,7974,JPX,JP,JPY,7974,10306.81366166,107.91905072,1.0471,175571379.1,2258740486238503.0,SYNTHETIC_MOCK_DATA,10727.34148064,10133.86644798,10198.89461095,10198.89461095,2026-09-17T12:53:49.328803+00:00
EQUITY,4063,JPX,JP,JPY,4063,8742.60180309,147.82206141,1.6908,109961467.87,3418319919980558.5,SYNTHETIC_MOCK_DATA,9007.84159326,8484.37662063,8594.77974168,8594.77974168,2026-09-17T12:53:49.328819+00:00
EQUITY,6981,JPX,JP,JPY,6981,1277.1717444,-8.67885942,-0.6795,138735822.19,52518114176195.59,SYNTHETIC_MOCK_DATA,1322.66679092,1229.41804868,1285.85060382,1285.85060382,2026-09-17T12:53:49.328835+00:00
EQUITY,6367,JPX,JP,JPY,6367,1363.12148481,4.20455089,0.3085,241737054.11,507054132976504.7,SYNTHETIC_MOCK_DATA,1402.66833977,1325.56500199,1358.91693392,1358.91693392,2026-09-17T12:53:49.328850+00:00
EQUITY,6594,JPX,JP,JPY,6594,8123.82887708,148.81237877,1.8318,17831910.71,100770803796738.58,SYNTHETIC_MOCK_DATA,8160.89676534,8005.78908087,7975.0164983,7975.0164983,2026-09-17T12:53:49.328866+00:00
EQUITY,0700,HKEX,HK,HKD,Tencent,762.43754281,21.23531637,2.7852,138422606.23,258876770894145.38,SYNTHETIC_MOCK_DATA,797.12741258,747.35911181,741.20222643,741.20222643,2026-09-17T12:53:49.328882+00:00
EQUITY,9988,HKEX,HK,HKD,Alibaba Group,4.89681825,-0.25941174,-5.2976,67588571.36,679970396061.44,SYNTHETIC_MOCK_DATA,4.99259333,4.63053489,5.15622999,5.15622999,2026-09-17T12:53:49.328897+00:00
EQUITY,3690,HKEX,HK,HKD,Meituan,8.83143194,-0.34887288,-3.9504,87400849.56,2409566209784.2,SYNTHETIC_MOCK_DATA,8.89477736,8.70211312,9.18030483,9.18030483,2026-09-17T12:53:49.328912+00:00
EQUITY,1299,HKEX,HK,HKD,1299,2.66196093,-0.12173077,-4.573,278314969.25,282556773823.8,SYNTHETIC_MOCK_DATA,2.7931373,2.60236635,2.78369169,2.78369169,2026-09-17T12:53:49.328926+00:00
EQUITY,0941,HKEX,HK,HKD,0941,195.95149114,3.56704331,1.8204,264047894.08,19493080256579.65,SYNTHETIC_MOCK_DATA,202.34479789,189.12093003,192.38444783,192.38444783,2026-09-17T12:53:49.328945+00:00
EQUITY,0005,HKEX,HK,HKD,0005,2.56706871,0.0343743,1.339,45481926.81,420825068275.48,SYNTHETIC_MOCK_DATA,2.701087,2.52072231,2.53269441,2.53269441,2026-09-17T12:53:49.328960+00:00
EQUITY,0001,HKEX,HK,HKD,0001,525.93291429,-9.15367652,-1.7405,208791822.05,106946937560036.31,SYNTHETIC_MOCK_DATA,549.24428044,514.81914032,535.08659081,535.08659081,2026-09-17T12:53:49.328974+00:00
EQUITY,0388,HKEX,HK,HKD,0388,657.2311069,-5.33148479,-0.8112,64079654.14,82763182542006.5,SYNTHETIC_MOCK_DATA,665.23847967,646.45971826,662.56259169,662.56259169,2026-09-17T12:53:49.329032+00:00
EQUITY,2318,HKEX,HK,HKD,2318,38.8083349,0.23392149,0.6028,153290140.12,12162882022053.46,SYNTHETIC_MOCK_DATA,39.84719861,37.57797181,38.57441342,38.57441342,2026-09-17T12:53:49.329051+00:00
EQUITY,0883,HKEX,HK,HKD,0883,370.04757195,3.18417918,0.8605,189883772.68,91860811623583.98,SYNTHETIC_MOCK_DATA,377.45500298,365.66081213,366.86339277,366.86339277,2026-09-17T12:53:49.329067+00:00
EQUITY,0939,HKEX,HK,HKD,0939,826.0793099,-21.4631904,-2.5982,295570814.11,247700469382777.88,SYNTHETIC_MOCK_DATA,842.47458109,792.95345211,847.5425003,847.5425003,2026-09-17T12:53:49.329083+00:00
EQUITY,1398,HKEX,HK,HKD,1398,745.73999517,13.27756335,1.7805,106178610.77,157303096265506.38,SYNTHETIC_MOCK_DATA,787.97189254,721.07808676,732.46243182,732.46243182,2026-09-17T12:53:49.329115+00:00
EQUITY,1810,HKEX,HK,HKD,1810,66.2728346,-3.86775171,-5.8361,288974740.19,19411558962462.57,SYNTHETIC_MOCK_DATA,67.41186351,64.21333324,70.14058631,70.14058631,2026-09-17T12:53:49.329133+00:00
EQUITY,1211,HKEX,HK,HKD,1211,14.29968954,-0.54429848,-3.8064,235015975.77,5417466010010.36,SYNTHETIC_MOCK_DATA,14.90781042,13.6897066,14.84398801,14.84398801,2026-09-17T12:53:49.329148+00:00
EQUITY,2020,HKEX,HK,HKD,2020,774.71091444,-22.44659111,-2.8974,254904751.59,76228610390599.22,SYNTHETIC_MOCK_DATA,819.41861372,757.28693412,797.15750555,797.15750555,2026-09-17T12:53:49.329164+00:00
EQUITY,9618,HKEX,HK,HKD,9618,255.62777421,-11.53372071,-4.5119,160011807.81,64113658369772.49,SYNTHETIC_MOCK_DATA,263.21500625,244.98623729,267.16149492,267.16149492,2026-09-17T12:53:49.329179+00:00
EQUITY,2269,HKEX,HK,HKD,2269,2.40081503,0.01903081,0.7927,24115893.38,632248659825.55,SYNTHETIC_MOCK_DATA,2.41858699,2.34154728,2.38178422,2.38178422,2026-09-17T12:53:49.329193+00:00
EQUITY,6690,HKEX,HK,HKD,6690,7.34799033,0.33983073,4.6248,81323499.28,2659210976504.52,SYNTHETIC_MOCK_DATA,7.68295893,7.02073482,7.0081596,7.0081596,2026-09-17T12:53:49.329208+00:00
EQUITY,0027,HKEX,HK,HKD,0027,62.49728104,1.57654902,2.5226,61297976.95,12291523818690.76,SYNTHETIC_MOCK_DATA,64.38327433,62.27934498,60.92073202,60.92073202,2026-09-17T12:53:49.329224+00:00
EQUITY,600519,SSE,CN,CNY,600519,9.83749431,0.45761436,4.6517,270591095.53,1061226691707.58,SYNTHETIC_MOCK_DATA,10.24541255,9.39795913,9.37987996,9.37987996,2026-09-17T12:53:49.329241+00:00
EQUITY,601318,SSE,CN,CNY,601318,3.05119663,-0.16519189,-5.414,177224219.25,751593976389.62,SYNTHETIC_MOCK_DATA,3.21397099,2.92540125,3.21638853,3.21638853,2026-09-17T12:53:49.329256+00:00
EQUITY,600036,SSE,CN,CNY,600036,96.6218021,2.20981846,2.2871,261154500.38,20926241917667.1,SYNTHETIC_MOCK_DATA,99.12793765,94.66993714,94.41198364,94.41198364,2026-09-17T12:53:49.329271+00:00
EQUITY,600900,SSE,CN,CNY,600900,22.12071527,1.07953139,4.8802,258274309.44,7651352354992.22,SYNTHETIC_MOCK_DATA,23.15026457,22.00430938,21.04118389,21.04118389,2026-09-17T12:53:49.329286+00:00
EQUITY,601398,SSE,CN,CNY,601398,20.26154147,-0.75738695,-3.7381,13884626.26,6084004758812.43,SYNTHETIC_MOCK_DATA,21.21787369,19.47914503,21.01892843,21.01892843,2026-09-17T12:53:49.329300+00:00
EQUITY,601857,SSE,CN,CNY,601857,66.30911659,-3.92001019,-5.9117,146056222.91,15677529885248.58,SYNTHETIC_MOCK_DATA,67.12834422,63.60793664,70.22912677,70.22912677,2026-09-17T12:53:49.329318+00:00
EQUITY,600028,SSE,CN,CNY,600028,289.38003084,5.42037331,1.8731,154565478.65,12186411064580.21,SYNTHETIC_MOCK_DATA,291.02571425,280.88528858,283.95965752,283.95965752,2026-09-17T12:53:49.329334+00:00
EQUITY,600276,SSE,CN,CNY,600276,31.96670126,-1.72137334,-5.3849,219950581.64,8462726702727.01,SYNTHETIC_MOCK_DATA,32.10049142,31.21197775,33.6880746,33.6880746,2026-09-17T12:53:49.329349+00:00
EQUITY,601166,SSE,CN,CNY,601166,61.0764895,0.45615153,0.7469,208836000.54,4770878791345.38,SYNTHETIC_MOCK_DATA,63.91471144,57.61861806,60.62033798,60.62033798,2026-09-17T12:53:49.329364+00:00
EQUITY,601288,SSE,CN,CNY,601288,5.61788701,0.17269033,3.0739,110508458.09,1090394819926.84,SYNTHETIC_MOCK_DATA,5.89081605,5.56662247,5.44519668,5.44519668,2026-09-17T12:53:49.329379+00:00
EQUITY,601939,SSE,CN,CNY,601939,3.52336656,-0.15423473,-4.3775,112154646.38,937055487660.43,SYNTHETIC_MOCK_DATA,3.56320533,3.45138076,3.67760129,3.67760129,2026-09-17T12:53:49.329394+00:00
EQUITY,600030,SSE,CN,CNY,600030,26.654065,-1.06735076,-4.0045,122194669.43,8231573080668.93,SYNTHETIC_MOCK_DATA,27.24027853,26.14020284,27.72141576,27.72141576,2026-09-17T12:53:49.329408+00:00
EQUITY,601668,SSE,CN,CNY,601668,4.80354747,-0.15046563,-3.1324,244724004.08,191861456628.88,SYNTHETIC_MOCK_DATA,5.06831668,4.70176984,4.9540131,4.9540131,2026-09-17T12:53:49.329423+00:00
EQUITY,601012,SSE,CN,CNY,601012,126.76988856,1.97460649,1.5576,174741397.45,11060743665898.73,SYNTHETIC_MOCK_DATA,128.92923396,123.1454515,124.79528206,124.79528206,2026-09-17T12:53:49.329438+00:00
EQUITY,603259,SSE,CN,CNY,603259,46.57718316,-1.77960909,-3.8208,98101765.35,7881090206844.21,SYNTHETIC_MOCK_DATA,48.14622913,44.7524007,48.35679225,48.35679225,2026-09-17T12:53:49.329453+00:00
EQUITY,600309,SSE,CN,CNY,600309,37.38565508,-1.51892414,-4.0629,207761269.51,3044037111505.74,SYNTHETIC_MOCK_DATA,38.26006976,35.21205126,38.90457922,38.90457922,2026-09-17T12:53:49.329468+00:00
EQUITY,600887,SSE,CN,CNY,600887,7.95205492,-0.14782542,-1.859,1869248.67,397543701214.38,SYNTHETIC_MOCK_DATA,8.28335569,7.78641538,8.09988034,8.09988034,2026-09-17T12:53:49.329483+00:00
EQUITY,601088,SSE,CN,CNY,601088,176.54644711,-1.39627977,-0.7909,193144378.76,34884923525228.7,SYNTHETIC_MOCK_DATA,183.30489575,167.27912528,177.94272688,177.94272688,2026-09-17T12:53:49.329498+00:00
EQUITY,600031,SSE,CN,CNY,600031,5.02479948,0.06224909,1.2388,150044080.23,1541206267024.07,SYNTHETIC_MOCK_DATA,5.16762606,4.79581965,4.96255039,4.96255039,2026-09-17T12:53:49.329512+00:00
EQUITY,601899,SSE,CN,CNY,601899,12.3338483,0.39108427,3.1708,131638574.77,2717559301111.34,SYNTHETIC_MOCK_DATA,12.81789166,11.73430612,11.94276404,11.94276404,2026-09-17T12:53:49.329527+00:00
EQUITY,000001,SZSE,CN,CNY,000001,40.52385916,0.32164791,0.7937,293990784.87,15380282430292.65,SYNTHETIC_MOCK_DATA,42.45965306,39.26950213,40.20221125,40.20221125,2026-09-17T12:53:49.329543+00:00
EQUITY,000858,SZSE,CN,CNY,000858,207.23243276,1.87304327,0.9038,279334334.34,65466531418965.53,SYNTHETIC_MOCK_DATA,215.41397967,197.49945307,205.3593895,205.3593895,2026-09-17T12:53:49.329559+00:00
EQUITY,002594,SZSE,CN,CNY,002594,54.69967417,-0.26256173,-0.48,2369171.03,13967058093587.14,SYNTHETIC_MOCK_DATA,57.24328316,53.24622311,54.9622359,54.9622359,2026-09-17T12:53:49.329603+00:00
EQUITY,000333,SZSE,CN,CNY,000333,226.05017092,-5.8675243,-2.5957,11790020.57,35160488817117.52,SYNTHETIC_MOCK_DATA,234.139492,224.7293602,231.91769522,231.91769522,2026-09-17T12:53:49.329620+00:00
EQUITY,002415,SZSE,CN,CNY,002415,31.53639051,-1.47345214,-4.6722,271301965.45,6437559997319.69,SYNTHETIC_MOCK_DATA,33.28770609,30.94605908,33.00984264,33.00984264,2026-09-17T12:53:49.329635+00:00
EQUITY,000651,SZSE,CN,CNY,000651,32.11812928,-0.28130202,-0.8758,229733428.74,9161515909349.97,SYNTHETIC_MOCK_DATA,33.07298101,30.24876087,32.3994313,32.3994313,2026-09-17T12:53:49.329650+00:00
EQUITY,000725,SZSE,CN,CNY,000725,29.93333656,-1.09591722,-3.6612,165678552.82,5896790683212.79,SYNTHETIC_MOCK_DATA,31.66323073,28.31132295,31.02925377,31.02925377,2026-09-17T12:53:49.329665+00:00
EQUITY,002475,SZSE,CN,CNY,002475,65.32300476,-0.27996452,-0.4286,38381344.99,21559910482443.11,SYNTHETIC_MOCK_DATA,68.98524896,63.87858979,65.60296928,65.60296928,2026-09-17T12:53:49.329680+00:00
EQUITY,300750,SZSE,CN,CNY,300750,40.86881806,-0.28121645,-0.6881,76483100.64,8898060640749.7,SYNTHETIC_MOCK_DATA,41.23121595,40.6472642,41.1500345,41.1500345,2026-09-17T12:53:49.329694+00:00
EQUITY,300059,SZSE,CN,CNY,300059,20.69636895,0.22737559,1.0986,29585287.21,6151765583978.31,SYNTHETIC_MOCK_DATA,21.15565894,20.50149623,20.46899336,20.46899336,2026-09-17T12:53:49.329709+00:00
EQUITY,000568,SZSE,CN,CNY,000568,16.93179657,-0.63732203,-3.7641,122163223.66,2849277183198.73,SYNTHETIC_MOCK_DATA,17.54836001,15.96139116,17.5691186,17.5691186,2026-09-17T12:53:49.329724+00:00
EQUITY,002714,SZSE,CN,CNY,002714,162.40174221,-8.74828667,-5.3868,120954437.54,27097990205141.38,SYNTHETIC_MOCK_DATA,163.19937925,160.43116467,171.15002888,171.15002888,2026-09-17T12:53:49.329740+00:00
EQUITY,300124,SZSE,CN,CNY,300124,3.26142803,0.14563839,4.4655,279707875.57,674266277280.82,SYNTHETIC_MOCK_DATA,3.38895046,3.16490035,3.11578964,3.11578964,2026-09-17T12:53:49.329755+00:00
EQUITY,002230,SZSE,CN,CNY,002230,8.51718623,-0.50562664,-5.9365,258567464.13,1608648413695.68,SYNTHETIC_MOCK_DATA,8.56662326,8.21543107,9.02281287,9.02281287,2026-09-17T12:53:49.329769+00:00
EQUITY,002352,SZSE,CN,CNY,002352,113.69556601,1.53217954,1.3476,265061557.27,20417500799473.56,SYNTHETIC_MOCK_DATA,116.82634777,108.48750239,112.16338646,112.16338646,2026-09-17T12:53:49.329784+00:00
EQUITY,000063,SZSE,CN,CNY,000063,248.11875621,12.28003904,4.9493,93760646.06,52922145985893.7,SYNTHETIC_MOCK_DATA,256.00314768,240.22284647,235.83871717,235.83871717,2026-09-17T12:53:49.329800+00:00
EQUITY,002050,SZSE,CN,CNY,002050,28.01725493,-0.86426808,-3.0848,198150799.67,3503101320629.3,SYNTHETIC_MOCK_DATA,28.38655409,27.85530545,28.88152301,28.88152301,2026-09-17T12:53:49.329815+00:00
EQUITY,300015,SZSE,CN,CNY,300015,92.98840769,5.05321939,5.4342,212816850.75,26302342773275.28,SYNTHETIC_MOCK_DATA,93.96860331,88.8399266,87.9351883,87.9351883,2026-09-17T12:53:49.329831+00:00
EQUITY,000002,SZSE,CN,CNY,000002,10.14036831,-0.35844632,-3.5348,84307455.09,3795758648290.66,SYNTHETIC_MOCK_DATA,10.48255342,10.05254182,10.49881463,10.49881463,2026-09-17T12:53:49.329846+00:00
EQUITY,000100,SZSE,CN,CNY,000100,24.93134055,0.36105415,1.4482,49196418.11,3763921695528.07,SYNTHETIC_MOCK_DATA,25.22494238,24.80536358,24.5702864,24.5702864,2026-09-17T12:53:49.329861+00:00
EQUITY,RELIANCE,NSE_IN,IN,INR,Reliance Industries,878.27205637,-33.83474622,-3.8524,207000191.84,306652654295023.2,SYNTHETIC_MOCK_DATA,907.0378239,852.25581549,912.10680259,912.10680259,2026-09-17T12:53:49.329877+00:00
EQUITY,TCS,NSE_IN,IN,INR,Tata Consultancy Services,325.19293373,-11.34867694,-3.4898,148138950.73,27724981717883.88,SYNTHETIC_MOCK_DATA,343.58494424,306.97154427,336.54161067,336.54161067,2026-09-17T12:53:49.329892+00:00
EQUITY,HDFCBANK,NSE_IN,IN,INR,HDFC Bank,966.46137471,-8.44315404,-0.8736,63517814.22,212234748030053.88,SYNTHETIC_MOCK_DATA,979.38055768,949.79117008,974.90452875,974.90452875,2026-09-17T12:53:49.329908+00:00
EQUITY,INFY,NSE_IN,IN,INR,Infosys,250.28914983,-6.26202731,-2.5019,8187353.88,14777725045170.53,SYNTHETIC_MOCK_DATA,253.79007327,240.91755254,256.55117715,256.55117715,2026-09-17T12:53:49.329924+00:00
EQUITY,ICICIBANK,NSE_IN,IN,INR,ICICI Bank,120.44347333,0.65374839,0.5428,102594739.36,37265386534976.45,SYNTHETIC_MOCK_DATA,122.94707242,118.4873079,119.78972493,119.78972493,2026-09-17T12:53:49.329939+00:00
EQUITY,HINDUNILVR,NSE_IN,IN,INR,HINDUNILVR,2000.95612381,104.49909592,5.2225,50511557.63,498167045922097.9,SYNTHETIC_MOCK_DATA,2081.13668816,1969.13626877,1896.45702789,1896.45702789,2026-09-17T12:53:49.329955+00:00
EQUITY,ITC,NSE_IN,IN,INR,ITC,6270.49281085,332.31453039,5.2997,63258264.39,909806890471755.6,SYNTHETIC_MOCK_DATA,6615.13626337,6095.76559082,5938.17828046,5938.17828046,2026-09-17T12:53:49.329970+00:00
EQUITY,SBIN,NSE_IN,IN,INR,State Bank of India,2665.52404887,-97.51166942,-3.6583,115904660.2,1007322157040599.5,SYNTHETIC_MOCK_DATA,2743.65708246,2648.25508687,2763.03571829,2763.03571829,2026-09-17T12:53:49.329986+00:00
EQUITY,BHARTIARTL,NSE_IN,IN,INR,BHARTIARTL,4901.774715,125.26820585,2.5556,149324306.6,1494225963433762.8,SYNTHETIC_MOCK_DATA,4971.24409325,4663.06179275,4776.50650915,4776.50650915,2026-09-17T12:53:49.330002+00:00
EQUITY,KOTAKBANK,NSE_IN,IN,INR,KOTAKBANK,404.16968738,-5.15484543,-1.2754,228207202.11,43761927740787.95,SYNTHETIC_MOCK_DATA,415.21142688,400.86498567,409.32453281,409.32453281,2026-09-17T12:53:49.330018+00:00
EQUITY,LT,NSE_IN,IN,INR,LT,129.58642375,3.24558125,2.5046,205844136.15,48317007923626.48,SYNTHETIC_MOCK_DATA,137.10848638,123.0129309,126.34084249,126.34084249,2026-09-17T12:53:49.330034+00:00
EQUITY,AXISBANK,NSE_IN,IN,INR,AXISBANK,1246.61109913,53.60356431,4.2999,276835380.38,368981505165768.94,SYNTHETIC_MOCK_DATA,1281.91926959,1201.56641992,1193.00753482,1193.00753482,2026-09-17T12:53:49.330049+00:00
EQUITY,MARUTI,NSE_IN,IN,INR,MARUTI,216.82860088,4.76697165,2.1985,3106873.56,14324444585301.26,SYNTHETIC_MOCK_DATA,223.67796732,212.85689456,212.06162923,212.06162923,2026-09-17T12:53:49.330065+00:00
EQUITY,SUNPHARMA,NSE_IN,IN,INR,SUNPHARMA,29.31759087,-0.30621666,-1.0445,255098503.51,11061364112058.45,SYNTHETIC_MOCK_DATA,29.5704635,29.03621419,29.62380753,29.62380753,2026-09-17T12:53:49.330080+00:00
EQUITY,M&M,NSE_IN,IN,INR,M&M,30.59012108,-0.88403049,-2.8899,236866349.09,2055603791391.27,SYNTHETIC_MOCK_DATA,30.72510667,29.66363013,31.47415156,31.47415156,2026-09-17T12:53:49.330095+00:00
EQUITY,HCLTECH,NSE_IN,IN,INR,HCLTECH,4247.72036844,-17.37891017,-0.4091,40317219.87,1564622459607177.2,SYNTHETIC_MOCK_DATA,4271.42261721,4028.06749043,4265.09927861,4265.09927861,2026-09-17T12:53:49.330127+00:00
EQUITY,BAJFINANCE,NSE_IN,IN,INR,BAJFINANCE,139.17901864,1.84883672,1.3284,225450647.44,4478395903362.89,SYNTHETIC_MOCK_DATA,143.03093517,138.14301985,137.33018191,137.33018191,2026-09-17T12:53:49.330143+00:00
EQUITY,TITAN,NSE_IN,IN,INR,TITAN,20.92977962,-0.09271161,-0.443,253187830.58,7988772517725.75,SYNTHETIC_MOCK_DATA,21.79842575,20.24341439,21.02249123,21.02249123,2026-09-17T12:53:49.330159+00:00
EQUITY,ADANIENT,NSE_IN,IN,INR,ADANIENT,24.72925516,-0.33339772,-1.3482,52633584.46,2440553460966.33,SYNTHETIC_MOCK_DATA,25.9359218,23.69257545,25.06265288,25.06265288,2026-09-17T12:53:49.330175+00:00
EQUITY,NTPC,NSE_IN,IN,INR,NTPC,2568.23901307,153.20626703,5.9654,23101166.25,420875056993736.6,SYNTHETIC_MOCK_DATA,2707.42209411,2551.90302026,2415.03274604,2415.03274604,2026-09-17T12:53:49.330190+00:00
EQUITY,RELIANCE,BSE_IN,IN,INR,Reliance Industries,51.41940371,2.22471669,4.3266,67232392.74,16241348151461.36,SYNTHETIC_MOCK_DATA,52.62636297,49.66369103,49.19468702,49.19468702,2026-09-17T12:53:49.330206+00:00
EQUITY,TCS,BSE_IN,IN,INR,Tata Consultancy Services,69.18023899,-1.62073545,-2.3428,131103382.75,5383046673457.77,SYNTHETIC_MOCK_DATA,72.01037473,68.71476839,70.80097444,70.80097444,2026-09-17T12:53:49.330221+00:00
EQUITY,HDFCBANK,BSE_IN,IN,INR,HDFC Bank,25.36984343,-0.03741362,-0.1475,208370467.13,2016012674500.51,SYNTHETIC_MOCK_DATA,26.76476048,25.26403831,25.40725705,25.40725705,2026-09-17T12:53:49.330236+00:00
EQUITY,INFY,BSE_IN,IN,INR,Infosys,345.08156182,-2.90405968,-0.8416,37089649.53,5653100705460.29,SYNTHETIC_MOCK_DATA,356.78898697,330.58567701,347.9856215,347.9856215,2026-09-17T12:53:49.330252+00:00
EQUITY,ICICIBANK,BSE_IN,IN,INR,ICICI Bank,137.02365553,-7.80140485,-5.6935,136930202.76,48345873660147.56,SYNTHETIC_MOCK_DATA,140.00326269,134.24412117,144.82506038,144.82506038,2026-09-17T12:53:49.330268+00:00
EQUITY,ITC,BSE_IN,IN,INR,ITC,5346.77397895,-13.19769932,-0.2468,160090788.79,1600763438565507.0,SYNTHETIC_MOCK_DATA,5611.0281317,5292.00744616,5359.97167827,5359.97167827,2026-09-17T12:53:49.330283+00:00
EQUITY,SBIN,BSE_IN,IN,INR,State Bank of India,2244.68224213,127.11710455,5.663,86443797.77,658461438491055.2,SYNTHETIC_MOCK_DATA,2311.4046302,2229.977442,2117.56513758,2117.56513758,2026-09-17T12:53:49.330300+00:00
EQUITY,BHARTIARTL,BSE_IN,IN,INR,BHARTIARTL,47.76288927,1.63533837,3.4239,172694775.4,2195758711668.91,SYNTHETIC_MOCK_DATA,50.08178986,46.66153801,46.1275509,46.1275509,2026-09-17T12:53:49.330317+00:00
EQUITY,LT,BSE_IN,IN,INR,LT,930.40731473,-39.60706622,-4.257,289408150.97,117903585167996.17,SYNTHETIC_MOCK_DATA,944.91020337,907.94918747,970.01438095,970.01438095,2026-09-17T12:53:49.330333+00:00
EQUITY,KOTAKBANK,BSE_IN,IN,INR,KOTAKBANK,135.94991331,2.65572233,1.9535,69119470.66,31311315693778.25,SYNTHETIC_MOCK_DATA,137.95582172,130.1961674,133.29419098,133.29419098,2026-09-17T12:53:49.330348+00:00
EQUITY,AXISBANK,BSE_IN,IN,INR,AXISBANK,558.37425639,12.47126998,2.2335,241329447.09,18205546108475.68,SYNTHETIC_MOCK_DATA,570.4384825,531.83377991,545.90298641,545.90298641,2026-09-17T12:53:49.330363+00:00
EQUITY,MARUTI,BSE_IN,IN,INR,MARUTI,36.09308087,-0.85457575,-2.3677,180235047.3,13447474971206.74,SYNTHETIC_MOCK_DATA,37.86161313,35.25771536,36.94765662,36.94765662,2026-09-17T12:53:49.330379+00:00
EQUITY,SUNPHARMA,BSE_IN,IN,INR,SUNPHARMA,108.49676145,-0.09302374,-0.0857,62933541.07,1195637642277.35,SYNTHETIC_MOCK_DATA,110.71320383,105.5599316,108.5897852,108.5897852,2026-09-17T12:53:49.330394+00:00
EQUITY,TITAN,BSE_IN,IN,INR,TITAN,2981.824933,107.45487409,3.6037,204404776.62,520417482153324.9,SYNTHETIC_MOCK_DATA,3144.7436462,2892.51914162,2874.37005891,2874.37005891,2026-09-17T12:53:49.330409+00:00
EQUITY,ADANIENT,BSE_IN,IN,INR,ADANIENT,5083.55987406,-173.42852762,-3.4116,279102231.94,1760824790241268.0,SYNTHETIC_MOCK_DATA,5236.71893519,5054.93418508,5256.98840168,5256.98840168,2026-09-17T12:53:49.330425+00:00
EQUITY,RY,TSX,CA,CAD,Royal Bank of Canada,74.47223998,3.52281199,4.7304,40791356.15,19387729800683.41,SYNTHETIC_MOCK_DATA,78.46591775,72.87159239,70.94942799,70.94942799,2026-09-17T12:53:49.330441+00:00
EQUITY,TD,TSX,CA,CAD,Toronto-Dominion Bank,88.44268692,-0.29046969,-0.3284,12934783.0,24198515238865.13,SYNTHETIC_MOCK_DATA,91.98445248,87.16703774,88.73315661,88.73315661,2026-09-17T12:53:49.330456+00:00
EQUITY,ENB,TSX,CA,CAD,ENB,22.06606563,0.48847307,2.2137,55990870.31,5544603744033.72,SYNTHETIC_MOCK_DATA,23.26217126,21.26131535,21.57759255,21.57759255,2026-09-17T12:53:49.330471+00:00
EQUITY,CNR,TSX,CA,CAD,CNR,40.51898231,2.206546,5.4457,49465281.54,10671355819458.35,SYNTHETIC_MOCK_DATA,40.85616558,38.55807088,38.3124363,38.3124363,2026-09-17T12:53:49.330486+00:00
EQUITY,CP,TSX,CA,CAD,CP,9.32289977,-0.14666005,-1.5731,48158270.33,1668203916168.78,SYNTHETIC_MOCK_DATA,9.59120952,8.84965725,9.46955981,9.46955981,2026-09-17T12:53:49.330501+00:00
EQUITY,BMO,TSX,CA,CAD,BMO,107.06294123,4.05691661,3.7893,15163881.06,28576138431199.7,SYNTHETIC_MOCK_DATA,112.10262274,104.77355024,103.00602463,103.00602463,2026-09-17T12:53:49.330516+00:00
EQUITY,BNS,TSX,CA,CAD,BNS,52.32966995,0.57240461,1.0938,223034082.0,2255999374473.62,SYNTHETIC_MOCK_DATA,54.70978229,49.74909767,51.75726534,51.75726534,2026-09-17T12:53:49.330530+00:00
EQUITY,SHOP,TSX,CA,CAD,Shopify,13.25520562,-0.58597463,-4.4207,194760538.98,1048385898506.47,SYNTHETIC_MOCK_DATA,13.57191271,13.05328857,13.84118025,13.84118025,2026-09-17T12:53:49.330545+00:00
EQUITY,CNQ,TSX,CA,CAD,CNQ,18.18262179,0.8938122,4.9157,223751795.6,5720182321285.29,SYNTHETIC_MOCK_DATA,18.57144369,17.5368063,17.28880959,17.28880959,2026-09-17T12:53:49.330560+00:00
EQUITY,SU,TSX,CA,CAD,SU,45.83865107,-0.50387752,-1.0992,6078182.55,4023912550591.01,SYNTHETIC_MOCK_DATA,47.84954992,44.12285514,46.34252859,46.34252859,2026-09-17T12:53:49.330575+00:00
EQUITY,TRP,TSX,CA,CAD,TRP,658.48789228,6.8581921,1.0415,284571392.95,167709941857566.47,SYNTHETIC_MOCK_DATA,676.57240325,634.07978855,651.62970018,651.62970018,2026-09-17T12:53:49.330590+00:00
EQUITY,BCE,TSX,CA,CAD,BCE,506.53868557,-15.15025836,-2.9909,234475595.53,13186977043037.3,SYNTHETIC_MOCK_DATA,516.8414049,483.57816934,521.68894393,521.68894393,2026-09-17T12:53:49.330605+00:00
EQUITY,CM,TSX,CA,CAD,CM,10.27871423,0.26771154,2.6045,1369834.04,309670863329.48,SYNTHETIC_MOCK_DATA,10.57139505,10.01636499,10.01100269,10.01100269,2026-09-17T12:53:49.330619+00:00
EQUITY,ABX,TSX,CA,CAD,ABX,249.69699676,11.79125763,4.7222,87926897.92,25610318240743.97,SYNTHETIC_MOCK_DATA,261.38842493,235.82457048,237.90573914,237.90573914,2026-09-17T12:53:49.330635+00:00
EQUITY,WCN,TSX,CA,CAD,WCN,15.63375048,-0.49421091,-3.1612,179503582.74,4948163856749.94,SYNTHETIC_MOCK_DATA,16.06075067,15.37969359,16.12796139,16.12796139,2026-09-17T12:53:49.330651+00:00
EQUITY,ATD,TSX,CA,CAD,ATD,127.70040601,-6.50808009,-5.0964,67362005.27,35650561744784.52,SYNTHETIC_MOCK_DATA,130.20525543,123.24241866,134.2084861,134.2084861,2026-09-17T12:53:49.330666+00:00
EQUITY,MFC,TSX,CA,CAD,MFC,474.27651387,24.99320948,5.2698,163474373.21,146502736391814.44,SYNTHETIC_MOCK_DATA,484.60607936,449.50478333,449.28330439,449.28330439,2026-09-17T12:53:49.330682+00:00
EQUITY,SLF,TSX,CA,CAD,SLF,103.22493744,5.62373196,5.448,299636842.29,34871249277289.21,SYNTHETIC_MOCK_DATA,107.90966935,99.60948447,97.60120548,97.60120548,2026-09-17T12:53:49.330697+00:00
EQUITY,NTR,TSX,CA,CAD,NTR,603.82911758,-23.99300547,-3.9735,233116591.55,184436360547762.16,SYNTHETIC_MOCK_DATA,634.38778526,575.25985483,627.82212305,627.82212305,2026-09-17T12:53:49.330712+00:00
EQUITY,FTS,TSX,CA,CAD,FTS,155.62545305,9.1083335,5.8527,93221021.76,38292954917751.96,SYNTHETIC_MOCK_DATA,160.39594716,153.48450553,146.51711955,146.51711955,2026-09-17T12:53:49.330727+00:00
EQUITY,BHP,ASX,AU,AUD,BHP Group,18.18426195,1.01692198,5.5923,169832382.02,7182469382754.44,SYNTHETIC_MOCK_DATA,18.60837303,17.42878161,17.16733997,17.16733997,2026-09-17T12:53:49.330741+00:00
EQUITY,CBA,ASX,AU,AUD,Commonwealth Bank of Australia,15.38232868,0.25933512,1.6859,286171358.58,4602555602684.83,SYNTHETIC_MOCK_DATA,16.27922972,14.96774121,15.12299356,15.12299356,2026-09-17T12:53:49.330756+00:00
EQUITY,CSL,ASX,AU,AUD,CSL,2.7004126,-0.04205327,-1.5573,1644908.59,825377024503.45,SYNTHETIC_MOCK_DATA,2.81388965,2.67804942,2.74246587,2.74246587,2026-09-17T12:53:49.330771+00:00
EQUITY,NAB,ASX,AU,AUD,National Australia Bank,161.83707191,-5.60006224,-3.4603,296046310.04,49721859797427.87,SYNTHETIC_MOCK_DATA,168.12584449,160.1835258,167.43713414,167.43713414,2026-09-17T12:53:49.330786+00:00
EQUITY,WBC,ASX,AU,AUD,WBC,43.26525596,2.05833829,4.7575,258636040.56,15023315878027.58,SYNTHETIC_MOCK_DATA,45.65677112,42.71736853,41.20691767,41.20691767,2026-09-17T12:53:49.330801+00:00
EQUITY,ANZ,ASX,AU,AUD,ANZ,46.92558696,2.63785907,5.6214,32801779.86,5308829693309.62,SYNTHETIC_MOCK_DATA,47.3569016,45.87128067,44.28772789,44.28772789,2026-09-17T12:53:49.330816+00:00
EQUITY,WES,ASX,AU,AUD,Wesfarmers,36.34251436,-1.3290952,-3.6571,292896945.09,13353708822483.24,SYNTHETIC_MOCK_DATA,36.94960008,35.07952377,37.67160957,37.67160957,2026-09-17T12:53:49.330831+00:00
EQUITY,MQG,ASX,AU,AUD,MQG,12.89880779,0.3459936,2.6824,170295288.16,3428188481757.42,SYNTHETIC_MOCK_DATA,13.11516249,12.82152125,12.55281419,12.55281419,2026-09-17T12:53:49.330846+00:00
EQUITY,TLS,ASX,AU,AUD,Telstra,9.06380405,-0.51657806,-5.6994,48410492.86,2762049803967.95,SYNTHETIC_MOCK_DATA,9.38391518,8.64039083,9.58038211,9.58038211,2026-09-17T12:53:49.330861+00:00
EQUITY,WOW,ASX,AU,AUD,WOW,98.96467671,-0.61991076,-0.6264,93848438.54,27629111862368.96,SYNTHETIC_MOCK_DATA,101.65805768,95.92518375,99.58458747,99.58458747,2026-09-17T12:53:49.330876+00:00
EQUITY,FMG,ASX,AU,AUD,FMG,62.27641573,-1.28416125,-2.062,275307249.25,20408555787905.04,SYNTHETIC_MOCK_DATA,63.22036675,61.70357503,63.56057698,63.56057698,2026-09-17T12:53:49.330892+00:00
EQUITY,RIO,ASX,AU,AUD,Rio Tinto,10.58012874,0.53452763,5.0522,137472983.36,1674440287464.18,SYNTHETIC_MOCK_DATA,10.92365866,10.13027676,10.04560111,10.04560111,2026-09-17T12:53:49.330907+00:00
EQUITY,GMG,ASX,AU,AUD,GMG,4.72318293,0.00309747,0.0656,233708169.03,1815008527733.23,SYNTHETIC_MOCK_DATA,4.89844953,4.49780899,4.72008546,4.72008546,2026-09-17T12:53:49.330922+00:00
EQUITY,TCL,ASX,AU,AUD,TCL,52.23935073,1.89619299,3.6298,201486206.13,2843984761339.69,SYNTHETIC_MOCK_DATA,54.58735321,51.45138431,50.34315774,50.34315774,2026-09-17T12:53:49.330937+00:00
EQUITY,ALL,ASX,AU,AUD,ALL,5.78888916,-0.0403686,-0.6973,7684580.98,1419120703939.73,SYNTHETIC_MOCK_DATA,5.93976887,5.72509447,5.82925776,5.82925776,2026-09-17T12:53:49.330952+00:00
EQUITY,REA,ASX,AU,AUD,REA,96.85702232,3.06444096,3.1639,212032843.82,3497729843841.13,SYNTHETIC_MOCK_DATA,98.81921891,92.37661934,93.79258135,93.79258135,2026-09-17T12:53:49.330966+00:00
EQUITY,QBE,ASX,AU,AUD,QBE,4.67041873,0.21371503,4.5759,184039247.92,255869386702.98,SYNTHETIC_MOCK_DATA,4.75897957,4.57722845,4.4567037,4.4567037,2026-09-17T12:53:49.330981+00:00
EQUITY,COL,ASX,AU,AUD,COL,5.68489926,0.20646845,3.6319,205960030.43,1188396077726.31,SYNTHETIC_MOCK_DATA,5.81606542,5.38156204,5.47843081,5.47843081,2026-09-17T12:53:49.330996+00:00
EQUITY,WDS,ASX,AU,AUD,WDS,7.99303638,-0.21992457,-2.7515,247744161.49,2476919124058.33,SYNTHETIC_MOCK_DATA,8.03061718,7.88749045,8.21296095,8.21296095,2026-09-17T12:53:49.331011+00:00
EQUITY,STO,ASX,AU,AUD,STO,9.60264709,0.18713818,1.9488,220838711.56,1133667969095.36,SYNTHETIC_MOCK_DATA,10.08850719,9.25766299,9.41550892,9.41550892,2026-09-17T12:53:49.331026+00:00
EQUITY,005930,KRX,KR,KRW,Samsung Electronics,2423.28760153,-70.13954563,-2.8944,230787601.19,182150559973191.66,SYNTHETIC_MOCK_DATA,2447.28387712,2391.97222669,2493.42714715,2493.42714715,2026-09-17T12:53:49.331042+00:00
EQUITY,000660,KRX,KR,KRW,SK hynix,9153.92844853,507.96169594,5.5491,227673684.62,1245803059594293.0,SYNTHETIC_MOCK_DATA,9195.84607272,8675.27953821,8645.96675259,8645.96675259,2026-09-17T12:53:49.331059+00:00
EQUITY,373220,KRX,KR,KRW,373220,64973.10163885,3598.1335839,5.5379,244328873.72,2.5495839713784936e+16,SYNTHETIC_MOCK_DATA,68055.9094881,61960.48797146,61374.96805495,61374.96805495,2026-09-17T12:53:49.331075+00:00
EQUITY,005380,KRX,KR,KRW,005380,155756.10301018,-5238.43955347,-3.3632,7421373.24,1.961218070497814e+16,SYNTHETIC_MOCK_DATA,162858.49920398,149289.51773743,160994.54256365,160994.54256365,2026-09-17T12:53:49.331090+00:00
EQUITY,000270,KRX,KR,KRW,000270,6369.68177946,223.42550764,3.5076,291999516.24,828194611473205.5,SYNTHETIC_MOCK_DATA,6577.89608874,6299.85523891,6146.25627182,6146.25627182,2026-09-17T12:53:49.331121+00:00
EQUITY,035420,KRX,KR,KRW,035420,24840.96925651,938.84397287,3.7794,26521463.21,8414637943173813.0,SYNTHETIC_MOCK_DATA,25214.60924841,24160.80802437,23902.12528364,23902.12528364,2026-09-17T12:53:49.331138+00:00
EQUITY,035720,KRX,KR,KRW,035720,2382.2580877,-69.35836666,-2.9115,196018520.79,162123989957112.16,SYNTHETIC_MOCK_DATA,2482.06679655,2332.98607239,2451.61645436,2451.61645436,2026-09-17T12:53:49.331153+00:00
EQUITY,068270,KRX,KR,KRW,068270,18785.65696003,232.25932739,1.2364,281345096.85,197352285676565.2,SYNTHETIC_MOCK_DATA,19696.15982873,18319.90792652,18553.39763264,18553.39763264,2026-09-17T12:53:49.331169+00:00
EQUITY,105560,KRX,KR,KRW,105560,23814.2667836,1315.05071231,5.5221,226595852.8,8155393847646837.0,SYNTHETIC_MOCK_DATA,23919.85941437,23502.36799007,22499.21607128,22499.21607128,2026-09-17T12:53:49.331183+00:00
EQUITY,055550,KRX,KR,KRW,055550,76162.17654371,2261.04043383,2.9687,134243431.08,7476007200553259.0,SYNTHETIC_MOCK_DATA,77071.15532878,72924.89915904,73901.13610988,73901.13610988,2026-09-17T12:53:49.331198+00:00
EQUITY,051910,KRX,KR,KRW,051910,1312.63946231,-44.67098487,-3.4031,175197214.71,80695992171394.8,SYNTHETIC_MOCK_DATA,1379.76745975,1239.03061685,1357.31044718,1357.31044718,2026-09-17T12:53:49.331213+00:00
EQUITY,006400,KRX,KR,KRW,006400,135069.2543929,779.03104022,0.5768,42386058.44,3.338667094201596e+16,SYNTHETIC_MOCK_DATA,138661.81899616,130602.89838764,134290.22335268,134290.22335268,2026-09-17T12:53:49.331229+00:00
EQUITY,003670,KRX,KR,KRW,003670,27346.87897603,-1266.63573015,-4.6317,175314251.8,1730440398262440.5,SYNTHETIC_MOCK_DATA,28032.99143364,26597.01493095,28613.51470618,28613.51470618,2026-09-17T12:53:49.331245+00:00
EQUITY,028260,KRX,KR,KRW,028260,4131.83256059,-218.31149003,-5.2836,231996005.27,1516526651574204.0,SYNTHETIC_MOCK_DATA,4202.05693698,3944.23828243,4350.14405062,4350.14405062,2026-09-17T12:53:49.331259+00:00
EQUITY,012330,KRX,KR,KRW,012330,1639.52711451,-66.53644414,-4.0583,134143575.54,359300216358258.8,SYNTHETIC_MOCK_DATA,1661.44054629,1568.08241188,1706.06355864,1706.06355864,2026-09-17T12:53:49.331274+00:00
EQUITY,096770,KRX,KR,KRW,096770,146159.75409101,3420.20064157,2.34,194108147.07,3.2522896092449984e+16,SYNTHETIC_MOCK_DATA,149282.18684124,145071.09489273,142739.55344944,142739.55344944,2026-09-17T12:53:49.331290+00:00
EQUITY,034730,KRX,KR,KRW,034730,102768.85279155,-4749.4664693,-4.6215,289268301.69,1.0158345177071188e+16,SYNTHETIC_MOCK_DATA,107885.58332523,100205.97536996,107518.31926085,107518.31926085,2026-09-17T12:53:49.331305+00:00
EQUITY,066570,KRX,KR,KRW,066570,1806.30003891,-53.97861695,-2.9884,269905761.41,296969032982992.9,SYNTHETIC_MOCK_DATA,1826.06180792,1734.73072068,1860.27865586,1860.27865586,2026-09-17T12:53:49.331320+00:00
EQUITY,000810,KRX,KR,KRW,000810,76278.24265644,-1432.27998455,-1.8777,113417852.93,479385990942603.5,SYNTHETIC_MOCK_DATA,78835.85422066,75116.2872295,77710.52264099,77710.52264099,2026-09-17T12:53:49.331336+00:00
EQUITY,017670,KRX,KR,KRW,017670,3165.53012799,128.59216593,4.0623,253610564.68,828470815968560.2,SYNTHETIC_MOCK_DATA,3189.97790128,2989.04313561,3036.93796206,3036.93796206,2026-09-17T12:53:49.331352+00:00
EQUITY,VALE3,B3,BR,BRL,Vale,8.64123645,-0.00221642,-0.0256,116051197.53,2511910251344.53,SYNTHETIC_MOCK_DATA,9.07515743,8.1765972,8.64345287,8.64345287,2026-09-17T12:53:49.331368+00:00
EQUITY,PETR3,B3,BR,BRL,PETR3,23.80796244,-1.09078512,-4.5816,177327136.32,5689089046888.85,SYNTHETIC_MOCK_DATA,24.05292782,23.69721648,24.89874756,24.89874756,2026-09-17T12:53:49.331383+00:00
EQUITY,PETR4,B3,BR,BRL,Petrobras,30.86998262,0.24385366,0.7899,271265143.95,10479692738067.81,SYNTHETIC_MOCK_DATA,32.65400927,29.93456439,30.62612896,30.62612896,2026-09-17T12:53:49.331398+00:00
EQUITY,ITUB4,B3,BR,BRL,Itaú Unibanco,52.9482967,0.7852105,1.483,283498411.07,10268748646106.54,SYNTHETIC_MOCK_DATA,54.41573094,52.43619438,52.16308619,52.16308619,2026-09-17T12:53:49.331414+00:00
EQUITY,BBDC4,B3,BR,BRL,BBDC4,87.02859725,1.32523441,1.5228,223507477.24,14303913015395.07,SYNTHETIC_MOCK_DATA,90.41980348,81.91942139,85.70336284,85.70336284,2026-09-17T12:53:49.331429+00:00
EQUITY,ABEV3,B3,BR,BRL,ABEV3,117.31764329,-2.61657321,-2.2303,237298662.19,37907242160613.95,SYNTHETIC_MOCK_DATA,118.30701015,112.79982705,119.93421649,119.93421649,2026-09-17T12:53:49.331444+00:00
EQUITY,WEGE3,B3,BR,BRL,WEGE3,92.47847046,-2.00791171,-2.1712,250333105.71,11039678530813.86,SYNTHETIC_MOCK_DATA,94.01349235,91.37929224,94.48638216,94.48638216,2026-09-17T12:53:49.331459+00:00
EQUITY,BBAS3,B3,BR,BRL,Banco do Brasil,35.98414512,-0.80457814,-2.2359,119913676.19,2004074174835.49,SYNTHETIC_MOCK_DATA,36.1750346,33.85342151,36.78872325,36.78872325,2026-09-17T12:53:49.331473+00:00
EQUITY,ELET3,B3,BR,BRL,ELET3,125.12291914,4.44147146,3.5497,183768418.43,16259087259344.47,SYNTHETIC_MOCK_DATA,126.96115595,120.99573005,120.68144767,120.68144767,2026-09-17T12:53:49.331488+00:00
EQUITY,RENT3,B3,BR,BRL,RENT3,8.89702289,-0.22372055,-2.5146,205274687.31,2617869077828.28,SYNTHETIC_MOCK_DATA,9.37439028,8.65930759,9.12074344,9.12074344,2026-09-17T12:53:49.331502+00:00
EQUITY,SUZB3,B3,BR,BRL,SUZB3,5.28040367,0.30509568,5.7779,131777408.97,1016867373625.64,SYNTHETIC_MOCK_DATA,5.30997651,5.17547147,4.97530799,4.97530799,2026-09-17T12:53:49.331517+00:00
EQUITY,PRIO3,B3,BR,BRL,PRIO3,17.29612372,0.62725686,3.6266,282399393.77,3796011662867.92,SYNTHETIC_MOCK_DATA,17.41618427,17.19875124,16.66886686,16.66886686,2026-09-17T12:53:49.331532+00:00
EQUITY,LREN3,B3,BR,BRL,LREN3,3.23811692,-0.16331747,-5.0436,31190180.66,1084295004247.76,SYNTHETIC_MOCK_DATA,3.27500151,3.13374709,3.40143439,3.40143439,2026-09-17T12:53:49.331546+00:00
EQUITY,JBSS3,B3,BR,BRL,JBSS3,38.79235564,1.23072698,3.1726,135001559.03,6856043285241.59,SYNTHETIC_MOCK_DATA,40.22318003,37.98712127,37.56162866,37.56162866,2026-09-17T12:53:49.331561+00:00
EQUITY,GGBR4,B3,BR,BRL,GGBR4,32.83923414,1.81194386,5.5176,134483503.28,9194563787878.46,SYNTHETIC_MOCK_DATA,34.75461136,31.76172785,31.02729028,31.02729028,2026-09-17T12:53:49.331577+00:00
EQUITY,RAIL3,B3,BR,BRL,RAIL3,28.5022572,0.9861109,3.4598,239928197.38,31424117902.69,SYNTHETIC_MOCK_DATA,29.58747726,27.24214725,27.5161463,27.5161463,2026-09-17T12:53:49.331591+00:00
EQUITY,HAPV3,B3,BR,BRL,HAPV3,148.36846857,5.63948244,3.801,256200039.08,41522443730394.8,SYNTHETIC_MOCK_DATA,152.42512118,147.11546506,142.72898613,142.72898613,2026-09-17T12:53:49.331607+00:00
EQUITY,EQTL3,B3,BR,BRL,EQTL3,61.45439159,-1.84213225,-2.9976,233951401.19,19913541370815.36,SYNTHETIC_MOCK_DATA,63.90898203,60.32950001,63.29652384,63.29652384,2026-09-17T12:53:49.331623+00:00
EQUITY,RDOR3,B3,BR,BRL,RDOR3,16.24551242,-0.76185683,-4.6896,140409012.92,3447424523030.86,SYNTHETIC_MOCK_DATA,16.65517202,15.9440474,17.00736925,17.00736925,2026-09-17T12:53:49.331638+00:00
EQUITY,B3SA3,B3,BR,BRL,B3SA3,39.49167725,-1.55602452,-3.9401,41628077.37,8132465219547.43,SYNTHETIC_MOCK_DATA,40.83787694,38.15783775,41.04770177,41.04770177,2026-09-17T12:53:49.331652+00:00
EQUITY,NPN,JSE,ZA,ZAR,Naspers,42.59235249,1.42113907,3.3366,32222620.66,3767802695158.48,SYNTHETIC_MOCK_DATA,45.07536814,40.29579642,41.17121342,41.17121342,2026-09-17T12:53:49.331667+00:00
EQUITY,SOL,JSE,ZA,ZAR,SOL,121.00839705,-5.96191966,-4.9269,67775137.97,4245590220068.91,SYNTHETIC_MOCK_DATA,121.43983067,118.16071931,126.9703167,126.9703167,2026-09-17T12:53:49.331682+00:00
EQUITY,CFR,JSE,ZA,ZAR,CFR,174.04703982,-2.58087505,-1.4829,15107247.37,49691955173591.11,SYNTHETIC_MOCK_DATA,177.49940616,165.28639336,176.62791486,176.62791486,2026-09-17T12:53:49.331697+00:00
EQUITY,BHP,JSE,ZA,ZAR,BHP Group,171.21843751,-3.19826357,-1.8679,111305218.03,47319918254892.12,SYNTHETIC_MOCK_DATA,177.95872432,165.24407595,174.41670109,174.41670109,2026-09-17T12:53:49.331712+00:00
EQUITY,AGL,JSE,ZA,ZAR,AGL,35.11296585,1.02989691,2.9331,213673243.08,11488167000948.43,SYNTHETIC_MOCK_DATA,36.00556447,34.21322211,34.08306894,34.08306894,2026-09-17T12:53:49.331727+00:00
EQUITY,FSR,JSE,ZA,ZAR,FSR,200.42875076,-3.92573535,-1.9587,156203736.06,78962123778837.73,SYNTHETIC_MOCK_DATA,205.52161273,192.16140838,204.35448611,204.35448611,2026-09-17T12:53:49.331741+00:00
EQUITY,SBK,JSE,ZA,ZAR,SBK,29.70954591,-0.77269721,-2.6008,244127900.04,7760422164739.33,SYNTHETIC_MOCK_DATA,30.8476599,27.95226128,30.48224312,30.48224312,2026-09-17T12:53:49.331755+00:00
EQUITY,ABG,JSE,ZA,ZAR,ABG,101.22036416,0.46807791,0.4624,139128924.85,19205292637407.71,SYNTHETIC_MOCK_DATA,104.61544767,95.39561015,100.75228625,100.75228625,2026-09-17T12:53:49.331771+00:00
EQUITY,MTN,JSE,ZA,ZAR,MTN,366.60821987,-18.85404676,-5.1428,82775781.38,3939018805822.94,SYNTHETIC_MOCK_DATA,372.6800318,346.98169944,385.46226663,385.46226663,2026-09-17T12:53:49.331787+00:00
EQUITY,VOD,JSE,ZA,ZAR,Vodafone Group,233.2892643,-12.43851327,-5.3318,285782487.3,36753473555423.21,SYNTHETIC_MOCK_DATA,243.9689566,229.08159595,245.72777757,245.72777757,2026-09-17T12:53:49.331802+00:00
EQUITY,SHP,JSE,ZA,ZAR,SHP,9.77228376,-0.12493866,-1.2785,174246123.21,2845464334017.54,SYNTHETIC_MOCK_DATA,10.08383599,9.35891414,9.89722243,9.89722243,2026-09-17T12:53:49.331818+00:00
EQUITY,IMP,JSE,ZA,ZAR,IMP,7.07605383,-0.06078662,-0.859,108790424.26,1884420194490.82,SYNTHETIC_MOCK_DATA,7.32692862,6.66758959,7.13684045,7.13684045,2026-09-17T12:53:49.331832+00:00
EQUITY,ANG,JSE,ZA,ZAR,ANG,14.94147685,-0.55894493,-3.7409,246489014.11,5452761656020.82,SYNTHETIC_MOCK_DATA,15.64803276,14.56131987,15.50042178,15.50042178,2026-09-17T12:53:49.331847+00:00
EQUITY,S32,JSE,ZA,ZAR,S32,264.44753131,14.04228355,5.31,14394288.17,37370539483038.4,SYNTHETIC_MOCK_DATA,279.79672524,261.83062354,250.40524776,250.40524776,2026-09-17T12:53:49.331864+00:00
EQUITY,WHL,JSE,ZA,ZAR,WHL,790.36195684,-43.25116146,-5.4723,222566223.49,287678872223177.6,SYNTHETIC_MOCK_DATA,829.70293984,751.04465364,833.6131183,833.6131183,2026-09-17T12:53:49.331879+00:00
EQUITY,REM,JSE,ZA,ZAR,REM,150.18748812,-5.52273193,-3.6772,244193869.48,55158610624125.84,SYNTHETIC_MOCK_DATA,154.24293591,146.07360703,155.71022005,155.71022005,2026-09-17T12:53:49.331895+00:00
EQUITY,NED,JSE,ZA,ZAR,NED,76.32888436,-0.19286805,-0.2527,173743919.54,10114279709021.69,SYNTHETIC_MOCK_DATA,79.05309902,72.23784441,76.52175241,76.52175241,2026-09-17T12:53:49.331910+00:00
EQUITY,DSY,JSE,ZA,ZAR,DSY,34.13447107,0.67940968,1.9904,183203658.73,1064441394325.43,SYNTHETIC_MOCK_DATA,35.97238189,32.84340259,33.45506139,33.45506139,2026-09-17T12:53:49.331924+00:00
EQUITY,PPH,JSE,ZA,ZAR,PPH,142.06173279,-4.20637462,-2.9609,17253028.16,3973688237469.91,SYNTHETIC_MOCK_DATA,144.44225833,135.99231885,146.26810741,146.26810741,2026-09-17T12:53:49.331939+00:00
EQUITY,KIO,JSE,ZA,ZAR,KIO,36.2572396,1.14450851,3.1566,163317809.39,6263520402893.08,SYNTHETIC_MOCK_DATA,37.17051064,35.70850198,35.1127311,35.1127311,2026-09-17T12:53:49.331953+00:00
EQUITY,D05,SGX,SG,SGD,D05,3.28811148,-0.0149118,-0.4535,173736915.0,836582777825.48,SYNTHETIC_MOCK_DATA,3.46955667,3.25369982,3.30302328,3.30302328,2026-09-17T12:53:49.331968+00:00
EQUITY,O39,SGX,SG,SGD,O39,15.48751002,-0.8957254,-5.7835,89787133.91,5170284505937.85,SYNTHETIC_MOCK_DATA,16.15891759,14.94128929,16.38323542,16.38323542,2026-09-17T12:53:49.331984+00:00
EQUITY,U11,SGX,SG,SGD,U11,4.67782898,-0.2272766,-4.8586,239183239.0,835184207141.68,SYNTHETIC_MOCK_DATA,4.76110064,4.60006381,4.90510558,4.90510558,2026-09-17T12:53:49.331999+00:00
EQUITY,Z74,SGX,SG,SGD,Z74,25.47468609,0.41762782,1.6394,286519849.78,4213306283423.27,SYNTHETIC_MOCK_DATA,26.37240951,24.54773187,25.05705827,25.05705827,2026-09-17T12:53:49.332014+00:00
EQUITY,C6L,SGX,SG,SGD,C6L,12.95770254,-0.21661109,-1.6717,183735520.61,2719926251610.56,SYNTHETIC_MOCK_DATA,13.5434957,12.80749404,13.17431364,13.17431364,2026-09-17T12:53:49.332028+00:00
EQUITY,C38U,SGX,SG,SGD,C38U,21.94545713,0.28430144,1.2955,286450518.82,689591597941.73,SYNTHETIC_MOCK_DATA,23.24145429,20.86514017,21.66115569,21.66115569,2026-09-17T12:53:49.332043+00:00
EQUITY,C09,SGX,SG,SGD,C09,6.47738742,0.29403265,4.5394,198707198.71,183186318213.62,SYNTHETIC_MOCK_DATA,6.63764192,6.18479308,6.18335477,6.18335477,2026-09-17T12:53:49.332058+00:00
EQUITY,BN4,SGX,SG,SGD,BN4,23.25987486,-0.88262418,-3.7946,88989016.89,8624895288164.26,SYNTHETIC_MOCK_DATA,24.04260897,22.56377642,24.14249904,24.14249904,2026-09-17T12:53:49.332072+00:00
EQUITY,C52,SGX,SG,SGD,C52,2.85817782,0.11425577,3.9975,259615534.29,502148237398.5,SYNTHETIC_MOCK_DATA,2.88815,2.68956767,2.74392205,2.74392205,2026-09-17T12:53:49.332087+00:00
EQUITY,S68,SGX,SG,SGD,S68,35.48953006,-0.33583452,-0.9463,204593527.93,13605033996726.69,SYNTHETIC_MOCK_DATA,36.7838894,34.73587069,35.82536457,35.82536457,2026-09-17T12:53:49.332115+00:00
EQUITY,H78,SGX,SG,SGD,H78,5.68034982,0.18236418,3.2104,294424725.75,1407417511330.45,SYNTHETIC_MOCK_DATA,5.92794968,5.6032955,5.49798564,5.49798564,2026-09-17T12:53:49.332131+00:00
EQUITY,Y92,SGX,SG,SGD,Y92,1.35199714,-0.07832478,-5.7933,114535806.8,108304533146.37,SYNTHETIC_MOCK_DATA,1.35643019,1.33120768,1.43032192,1.43032192,2026-09-17T12:53:49.332165+00:00
EQUITY,S63,SGX,SG,SGD,S63,26.09609309,0.58019075,2.2233,265512388.74,9971715506161.04,SYNTHETIC_MOCK_DATA,27.22536317,24.6208179,25.51590234,25.51590234,2026-09-17T12:53:49.332180+00:00
EQUITY,ME8U,SGX,SG,SGD,ME8U,0.99584792,-0.00335271,-0.3367,136147203.49,205488646893.65,SYNTHETIC_MOCK_DATA,1.04847195,0.94805365,0.99920062,0.99920062,2026-09-17T12:53:49.332195+00:00
EQUITY,BS6,SGX,SG,SGD,BS6,14.13063754,0.7713701,5.4588,291330249.82,2227103146703.72,SYNTHETIC_MOCK_DATA,14.95761574,13.75572544,13.35926744,13.35926744,2026-09-17T12:53:49.332210+00:00
EQUITY,F34,SGX,SG,SGD,F34,69.89408119,-1.95852291,-2.8021,226512382.04,6444533794638.01,SYNTHETIC_MOCK_DATA,72.96561547,67.2294902,71.8526041,71.8526041,2026-09-17T12:53:49.332224+00:00
EQUITY,A17U,SGX,SG,SGD,A17U,0.96039763,-0.04382423,-4.5631,160485811.68,225460148737.8,SYNTHETIC_MOCK_DATA,0.99169453,0.90961851,1.00422186,1.00422186,2026-09-17T12:53:49.332240+00:00
EQUITY,C07,SGX,SG,SGD,C07,5.09015997,-0.27631205,-5.4284,139577185.62,802922415632.54,SYNTHETIC_MOCK_DATA,5.23702778,4.90549562,5.36647202,5.36647202,2026-09-17T12:53:49.332254+00:00
EQUITY,5E2,SGX,SG,SGD,5E2,19.57244716,0.65728262,3.3582,31672518.58,6332065659750.88,SYNTHETIC_MOCK_DATA,20.62752943,18.62385591,18.91516455,18.91516455,2026-09-17T12:53:49.332269+00:00
EQUITY,J36,SGX,SG,SGD,J36,80.72461212,-2.66542039,-3.3019,58879587.31,3528624983797.0,SYNTHETIC_MOCK_DATA,82.4209007,79.17661131,83.39003252,83.39003252,2026-09-17T12:53:49.332283+00:00
EQUITY,2330,TWSE,TW,TWD,2330,112.0840302,0.03319225,0.0296,26204802.72,6400148642490.39,SYNTHETIC_MOCK_DATA,118.03846034,106.14396313,112.05083794,112.05083794,2026-09-17T12:53:49.332299+00:00
EQUITY,2317,TWSE,TW,TWD,2317,122.80982504,4.9071188,3.9957,157931867.11,31448875055251.86,SYNTHETIC_MOCK_DATA,129.8814168,121.81875611,117.90270623,117.90270623,2026-09-17T12:53:49.332314+00:00
EQUITY,2454,TWSE,TW,TWD,2454,51.66419132,-1.21214317,-2.3462,83545814.45,515995438503.31,SYNTHETIC_MOCK_DATA,54.66589387,49.24582318,52.87633448,52.87633448,2026-09-17T12:53:49.332328+00:00
EQUITY,2412,TWSE,TW,TWD,2412,13.59179603,0.74595017,5.4882,174247330.49,2452906016172.31,SYNTHETIC_MOCK_DATA,14.22324182,12.88147302,12.84584586,12.84584586,2026-09-17T12:53:49.332343+00:00
EQUITY,2308,TWSE,TW,TWD,2308,307.47768273,-9.57208814,-3.1131,151053540.61,115503141688639.88,SYNTHETIC_MOCK_DATA,324.09822565,305.23350194,317.04977087,317.04977087,2026-09-17T12:53:49.332359+00:00
EQUITY,2303,TWSE,TW,TWD,2303,147.10274032,8.56154381,5.8201,155557850.61,25737897127355.19,SYNTHETIC_MOCK_DATA,151.57505687,145.33439674,138.54119651,138.54119651,2026-09-17T12:53:49.332375+00:00
EQUITY,2881,TWSE,TW,TWD,2881,34.2571311,-1.54812292,-4.5191,36852766.46,2154160055969.65,SYNTHETIC_MOCK_DATA,35.64909025,33.36671926,35.80525402,35.80525402,2026-09-17T12:53:49.332390+00:00
EQUITY,2882,TWSE,TW,TWD,2882,180.56145957,-5.45069963,-3.0188,281719222.01,62396450320954.45,SYNTHETIC_MOCK_DATA,189.10689395,169.92227858,186.0121592,186.0121592,2026-09-17T12:53:49.332405+00:00
EQUITY,2891,TWSE,TW,TWD,2891,28.92930472,0.80008747,2.7657,277094660.78,1091279342029.87,SYNTHETIC_MOCK_DATA,29.1519776,28.54995938,28.12921726,28.12921726,2026-09-17T12:53:49.332420+00:00
EQUITY,1301,TWSE,TW,TWD,1301,1632.08560469,-28.90199601,-1.7709,92435888.28,214006277096617.34,SYNTHETIC_MOCK_DATA,1652.81504064,1581.48099622,1660.98760069,1660.98760069,2026-09-17T12:53:49.332435+00:00
EQUITY,1303,TWSE,TW,TWD,1303,517.84634673,0.20397634,0.0394,176032763.8,68989040961894.28,SYNTHETIC_MOCK_DATA,547.92440353,499.18986316,517.64237039,517.64237039,2026-09-17T12:53:49.332450+00:00
EQUITY,2002,TWSE,TW,TWD,2002,13.38730927,0.79032213,5.9035,294563511.05,5338986692141.73,SYNTHETIC_MOCK_DATA,13.97045685,13.18390407,12.59698714,12.59698714,2026-09-17T12:53:49.332466+00:00
EQUITY,3008,TWSE,TW,TWD,3008,75.35744575,2.77262537,3.6793,207788678.4,6703642631837.8,SYNTHETIC_MOCK_DATA,76.71295727,71.25077046,72.58482038,72.58482038,2026-09-17T12:53:49.332481+00:00
EQUITY,3711,TWSE,TW,TWD,3711,2312.30039433,132.51639365,5.7309,225354090.68,503548253192918.25,SYNTHETIC_MOCK_DATA,2339.06648092,2229.23976019,2179.78400068,2179.78400068,2026-09-17T12:53:49.332496+00:00
EQUITY,2382,TWSE,TW,TWD,2382,1189.85581395,-14.91831119,-1.2538,241999946.02,392812864218271.1,SYNTHETIC_MOCK_DATA,1248.34308115,1179.44867542,1204.77412514,1204.77412514,2026-09-17T12:53:49.332513+00:00
EQUITY,3231,TWSE,TW,TWD,3231,517.22701137,19.14650216,3.7018,246532298.67,9465944139430.44,SYNTHETIC_MOCK_DATA,544.77715487,491.79953368,498.0805092,498.0805092,2026-09-17T12:53:49.332528+00:00
EQUITY,2357,TWSE,TW,TWD,2357,218.80586688,0.9874236,0.4513,220057783.12,10313414014959.37,SYNTHETIC_MOCK_DATA,223.58545385,211.79442921,217.81844328,217.81844328,2026-09-17T12:53:49.332543+00:00
EQUITY,2379,TWSE,TW,TWD,2379,84.93943105,2.57926656,3.0366,134795249.13,15589513461944.61,SYNTHETIC_MOCK_DATA,89.11795446,82.99786915,82.36016449,82.36016449,2026-09-17T12:53:49.332558+00:00
EQUITY,3034,TWSE,TW,TWD,3034,103.48403782,-0.54497823,-0.5266,245914849.14,5573390799099.41,SYNTHETIC_MOCK_DATA,107.24779608,101.08041749,104.02901605,104.02901605,2026-09-17T12:53:49.332572+00:00
EQUITY,6669,TWSE,TW,TWD,6669,930.99154105,6.07819029,0.6529,48168853.04,233658826585123.9,SYNTHETIC_MOCK_DATA,973.40300603,905.94257192,924.91335076,924.91335076,2026-09-17T12:53:49.332587+00:00
EQUITY,PTT,SET,TH,THB,PTT,7.67835361,-0.03059095,-0.3984,194042426.29,2296702127845.13,SYNTHETIC_MOCK_DATA,7.8440358,7.35576453,7.70894456,7.70894456,2026-09-17T12:53:49.332602+00:00
EQUITY,AOT,SET,TH,THB,AOT,7.41800407,-0.25773818,-3.4745,87139689.68,2013619540166.48,SYNTHETIC_MOCK_DATA,7.5868239,7.02352061,7.67574225,7.67574225,2026-09-17T12:53:49.332618+00:00
EQUITY,ADVANC,SET,TH,THB,ADVANC,4.10047365,-0.1161893,-2.8336,153705924.06,1130948414245.63,SYNTHETIC_MOCK_DATA,4.14623764,3.87493297,4.21666295,4.21666295,2026-09-17T12:53:49.332633+00:00
EQUITY,DELTA,SET,TH,THB,DELTA,41.50060756,0.39786629,0.9587,187430970.83,4505634718440.45,SYNTHETIC_MOCK_DATA,43.77233652,41.29908428,41.10274127,41.10274127,2026-09-17T12:53:49.332648+00:00
EQUITY,CPALL,SET,TH,THB,CPALL,4.4999346,0.11597628,2.5773,184475661.0,1145696810158.11,SYNTHETIC_MOCK_DATA,4.53780306,4.45521713,4.38395832,4.38395832,2026-09-17T12:53:49.332664+00:00
EQUITY,GULF,SET,TH,THB,GULF,2.54183764,-0.02219586,-0.8732,292906991.4,1000366267708.02,SYNTHETIC_MOCK_DATA,2.58365872,2.4848927,2.5640335,2.5640335,2026-09-17T12:53:49.332679+00:00
EQUITY,PTTEP,SET,TH,THB,PTTEP,2.56803784,-0.06773144,-2.6375,170702704.05,849074444174.16,SYNTHETIC_MOCK_DATA,2.60890305,2.51020863,2.63576928,2.63576928,2026-09-17T12:53:49.332694+00:00
EQUITY,SCB,SET,TH,THB,SCB,136.5187444,-6.50863083,-4.7676,217792782.74,54442074904558.68,SYNTHETIC_MOCK_DATA,139.1475775,130.78256174,143.02737522,143.02737522,2026-09-17T12:53:49.332709+00:00
EQUITY,KBANK,SET,TH,THB,KBANK,50.14507331,-1.40797562,-2.8078,11388304.84,8706961280903.88,SYNTHETIC_MOCK_DATA,52.55939581,47.35064065,51.55304893,51.55304893,2026-09-17T12:53:49.332724+00:00
EQUITY,BBL,SET,TH,THB,BBL,12.1896925,0.48294658,3.9619,200796452.02,2449025577789.77,SYNTHETIC_MOCK_DATA,12.4451416,11.81001944,11.70674592,11.70674592,2026-09-17T12:53:49.332738+00:00
EQUITY,TRUE,SET,TH,THB,TRUE,6.09147506,0.30854746,5.0652,98949465.19,1022588860691.73,SYNTHETIC_MOCK_DATA,6.26997081,6.01825722,5.7829276,5.7829276,2026-09-17T12:53:49.332754+00:00
EQUITY,BDMS,SET,TH,THB,BDMS,52.73579616,0.26540308,0.5033,185806802.21,19228046787226.75,SYNTHETIC_MOCK_DATA,55.72335767,51.08156501,52.47039308,52.47039308,2026-09-17T12:53:49.332769+00:00
EQUITY,CPN,SET,TH,THB,CPN,36.76704564,-0.39928473,-1.086,211813244.45,3837544176098.99,SYNTHETIC_MOCK_DATA,37.3318708,35.14104434,37.16633037,37.16633037,2026-09-17T12:53:49.332784+00:00
EQUITY,CRC,SET,TH,THB,CRC,240.21811119,-0.43803297,-0.1823,86880073.65,81734082780410.61,SYNTHETIC_MOCK_DATA,244.66667103,228.82073521,240.65614416,240.65614416,2026-09-17T12:53:49.332799+00:00
EQUITY,OR,SET,TH,THB,L'Oréal,4.64009745,0.16435875,3.5421,257244339.59,1329638121038.93,SYNTHETIC_MOCK_DATA,4.88432228,4.49455209,4.4757387,4.4757387,2026-09-17T12:53:49.332814+00:00
EQUITY,TOP,SET,TH,THB,TOP,34.08593126,-1.71800064,-5.0402,178317261.73,6047594194187.97,SYNTHETIC_MOCK_DATA,35.39320553,32.27893684,35.80393191,35.80393191,2026-09-17T12:53:49.332829+00:00
EQUITY,GPSC,SET,TH,THB,GPSC,72.97079048,0.7828575,1.0728,242608938.01,9719605306484.78,SYNTHETIC_MOCK_DATA,74.79316781,72.31070555,72.18793298,72.18793298,2026-09-17T12:53:49.332844+00:00
EQUITY,IVL,SET,TH,THB,IVL,6.50525768,0.31922144,4.9071,48963403.34,2281400870666.45,SYNTHETIC_MOCK_DATA,6.56561701,6.27043594,6.18603624,6.18603624,2026-09-17T12:53:49.332860+00:00
EQUITY,MINT,SET,TH,THB,MINT,9.32780353,-0.21437178,-2.2982,28568546.67,2475522463656.86,SYNTHETIC_MOCK_DATA,9.84631718,9.08253866,9.54217532,9.54217532,2026-09-17T12:53:49.332874+00:00
EQUITY,BTS,SET,TH,THB,BTS,43.26411673,-0.35249251,-0.8147,132003620.56,5011627551001.64,SYNTHETIC_MOCK_DATA,45.80522212,41.35682818,43.61660923,43.61660923,2026-09-17T12:53:49.332890+00:00
EQUITY,BBCA,IDX,ID,IDR,BBCA,587.11449413,-25.95560142,-4.4209,63790841.85,228581688601280.03,SYNTHETIC_MOCK_DATA,597.88780724,582.42089939,613.07009555,613.07009555,2026-09-17T12:53:49.332905+00:00
EQUITY,BBRI,IDX,ID,IDR,BBRI,6702.69673515,131.76364565,1.9658,95358449.45,1786016876756913.2,SYNTHETIC_MOCK_DATA,6944.73900753,6418.12731135,6570.93308949,6570.93308949,2026-09-17T12:53:49.332920+00:00
EQUITY,BMRI,IDX,ID,IDR,BMRI,49201.36479111,-2789.62203194,-5.6698,140860979.92,24952155665312.79,SYNTHETIC_MOCK_DATA,49933.0272017,48940.13896559,51990.98682305,51990.98682305,2026-09-17T12:53:49.332936+00:00
EQUITY,TLKM,IDX,ID,IDR,TLKM,29633.93567296,-512.3098782,-1.7288,82613571.5,2025058243432898.8,SYNTHETIC_MOCK_DATA,30540.10230519,29431.79107329,30146.24555116,30146.24555116,2026-09-17T12:53:49.332952+00:00
EQUITY,ASII,IDX,ID,IDR,ASII,103.24292605,-3.65260558,-3.5379,194691046.03,33397170297969.21,SYNTHETIC_MOCK_DATA,109.2951602,101.99774876,106.89553164,106.89553164,2026-09-17T12:53:49.332968+00:00
EQUITY,GOTO,IDX,ID,IDR,GOTO,111598.65213651,3701.1452669,3.3165,194237585.87,3.5872935414985332e+16,SYNTHETIC_MOCK_DATA,116512.4518223,109974.75449031,107897.50686961,107897.50686961,2026-09-17T12:53:49.332983+00:00
EQUITY,AMRT,IDX,ID,IDR,AMRT,133.71845756,-6.87251833,-5.1395,253559787.48,9274474447188.9,SYNTHETIC_MOCK_DATA,136.72513305,125.71764748,140.59097589,140.59097589,2026-09-17T12:53:49.333026+00:00
EQUITY,ICBP,IDX,ID,IDR,ICBP,3123.2187877,-154.0005169,-4.9308,11056712.65,1182713247676086.8,SYNTHETIC_MOCK_DATA,3264.40149172,3071.10540891,3277.21930461,3277.21930461,2026-09-17T12:53:49.333042+00:00
EQUITY,INDF,IDX,ID,IDR,INDF,370.25884227,-17.62932297,-4.7614,250850721.55,133759085489095.98,SYNTHETIC_MOCK_DATA,387.49843418,353.47682619,387.88816525,387.88816525,2026-09-17T12:53:49.333058+00:00
EQUITY,UNTR,IDX,ID,IDR,UNTR,50233.60336486,-913.6776284,-1.8189,200390865.21,1.6700813590972628e+16,SYNTHETIC_MOCK_DATA,52477.21841366,50021.19579464,51147.28099326,51147.28099326,2026-09-17T12:53:49.333074+00:00
EQUITY,ADRO,IDX,ID,IDR,ADRO,60599.43174456,2552.72356159,4.2125,283303704.1,2.2119774114094804e+16,SYNTHETIC_MOCK_DATA,62097.94205197,58311.06443934,58046.70818297,58046.70818297,2026-09-17T12:53:49.333089+00:00
EQUITY,ANTM,IDX,ID,IDR,ANTM,33631.11639384,1632.92154773,4.8554,271851318.32,1.1989097320696042e+16,SYNTHETIC_MOCK_DATA,35244.37724199,33459.68725165,31998.19484611,31998.19484611,2026-09-17T12:53:49.333119+00:00
EQUITY,MDKA,IDX,ID,IDR,MDKA,92241.14111966,3177.06866358,3.4443,63456411.97,3.4922044347172908e+16,SYNTHETIC_MOCK_DATA,95763.20117645,87565.24434675,89064.07245608,89064.07245608,2026-09-17T12:53:49.333137+00:00
EQUITY,PGAS,IDX,ID,IDR,PGAS,873.55555259,-30.84695359,-3.5312,3715006.98,134903068334820.53,SYNTHETIC_MOCK_DATA,911.9701941,823.51434681,904.40250618,904.40250618,2026-09-17T12:53:49.333152+00:00
EQUITY,KLBF,IDX,ID,IDR,KLBF,35542.78927794,-1940.6281692,-5.46,265515152.07,5280755582210664.0,SYNTHETIC_MOCK_DATA,36467.34173342,33483.35940952,37483.41744714,37483.41744714,2026-09-17T12:53:49.333168+00:00
EQUITY,BBNI,IDX,ID,IDR,BBNI,13854.46607093,-407.0590808,-2.9381,175824951.28,2906754464001812.5,SYNTHETIC_MOCK_DATA,14120.76841978,13475.13795066,14261.52515172,14261.52515172,2026-09-17T12:53:49.333183+00:00
EQUITY,BRIS,IDX,ID,IDR,BRIS,1610.73536408,-21.26797586,-1.3204,99529968.95,500626002183577.1,SYNTHETIC_MOCK_DATA,1647.55485952,1592.04808934,1632.00333994,1632.00333994,2026-09-17T12:53:49.333199+00:00
EQUITY,ARTO,IDX,ID,IDR,ARTO,1291.6602399,-14.35218084,-1.1111,86709582.19,103336460328317.69,SYNTHETIC_MOCK_DATA,1322.96078729,1285.19009648,1306.01242074,1306.01242074,2026-09-17T12:53:49.333215+00:00
EQUITY,PTBA,IDX,ID,IDR,PTBA,2536.9372102,83.78954997,3.3028,181801511.15,900226712445527.6,SYNTHETIC_MOCK_DATA,2562.54974524,2510.34217397,2453.14766023,2453.14766023,2026-09-17T12:53:49.333231+00:00
EQUITY,CPIN,IDX,ID,IDR,CPIN,122.60078309,-3.38116242,-2.7579,203326828.3,35339996389402.21,SYNTHETIC_MOCK_DATA,124.84327194,118.68206046,125.98194551,125.98194551,2026-09-17T12:53:49.333247+00:00
EQUITY,SBER,MOEX,RU,RUB,SBER,839.13733595,1.06826746,0.1273,106781184.2,99678479847476.67,SYNTHETIC_MOCK_DATA,884.78041473,819.60228417,838.06906849,838.06906849,2026-09-17T12:53:49.333262+00:00
EQUITY,GAZP,MOEX,RU,RUB,GAZP,17.94310678,0.75511553,4.2084,233766042.7,998616201030.92,SYNTHETIC_MOCK_DATA,18.21831745,17.06247828,17.18799125,17.18799125,2026-09-17T12:53:49.333276+00:00
EQUITY,LKOH,MOEX,RU,RUB,LKOH,8478.70666064,-211.09379062,-2.4897,256336451.15,1872222305659872.8,SYNTHETIC_MOCK_DATA,8978.57823274,8292.43242627,8689.80045126,8689.80045126,2026-09-17T12:53:49.333293+00:00
EQUITY,ROSN,MOEX,RU,RUB,ROSN,15.76174128,-0.61381864,-3.8944,144740320.53,576351390315.42,SYNTHETIC_MOCK_DATA,16.61099161,14.90762459,16.37555991,16.37555991,2026-09-17T12:53:49.333308+00:00
EQUITY,GMKN,MOEX,RU,RUB,GMKN,89.29557189,-1.12164438,-1.2561,290350474.78,33532289169948.12,SYNTHETIC_MOCK_DATA,92.5058611,88.43455762,90.41721627,90.41721627,2026-09-17T12:53:49.333322+00:00
EQUITY,NVTK,MOEX,RU,RUB,NVTK,208.31320364,-6.83705091,-3.2821,222348754.59,7323809918770.51,SYNTHETIC_MOCK_DATA,213.82541219,198.33304406,215.15025455,215.15025455,2026-09-17T12:53:49.333336+00:00
EQUITY,YNDX,MOEX,RU,RUB,YNDX,594.45495818,-34.35249023,-5.7788,228835437.99,237241972768210.34,SYNTHETIC_MOCK_DATA,596.69646251,570.82050718,628.80744842,628.80744842,2026-09-17T12:53:49.333351+00:00
EQUITY,TATN,MOEX,RU,RUB,TATN,114.32898047,-4.03314082,-3.5277,166742000.67,34714018293048.5,SYNTHETIC_MOCK_DATA,118.44181368,112.4894554,118.36212129,118.36212129,2026-09-17T12:53:49.333366+00:00
EQUITY,SNGS,MOEX,RU,RUB,SNGS,4652.37822916,147.24389514,3.1649,264218874.34,926395288964616.2,SYNTHETIC_MOCK_DATA,4829.16741965,4403.6829591,4505.13433402,4505.13433402,2026-09-17T12:53:49.333382+00:00
EQUITY,MTSS,MOEX,RU,RUB,MTSS,554.84907825,0.92418847,0.1666,35057561.87,147160566495692.28,SYNTHETIC_MOCK_DATA,564.57766867,550.52640424,553.92488977,553.92488977,2026-09-17T12:53:49.333397+00:00
EQUITY,MGNT,MOEX,RU,RUB,MGNT,79.51012509,-3.85263314,-4.8455,297849858.36,29225804884430.89,SYNTHETIC_MOCK_DATA,80.87201471,77.63027558,83.36275823,83.36275823,2026-09-17T12:53:49.333412+00:00
EQUITY,ALRS,MOEX,RU,RUB,ALRS,279.8722916,-13.75790715,-4.9158,136791632.66,94393558396948.61,SYNTHETIC_MOCK_DATA,283.05936959,269.7623698,293.63019875,293.63019875,2026-09-17T12:53:49.333427+00:00
EQUITY,PLZL,MOEX,RU,RUB,PLZL,7344.34019667,-419.42011962,-5.7108,277162456.8,1737332633220071.5,SYNTHETIC_MOCK_DATA,7551.0536838,7090.0135279,7763.76031629,7763.76031629,2026-09-17T12:53:49.333442+00:00
EQUITY,CHMF,MOEX,RU,RUB,CHMF,63.0742815,2.85916253,4.533,67693530.53,8203969082655.81,SYNTHETIC_MOCK_DATA,65.52589267,61.58565693,60.21511897,60.21511897,2026-09-17T12:53:49.333457+00:00
EQUITY,NLMK,MOEX,RU,RUB,NLMK,17.12278864,0.90301621,5.2738,82540356.81,5505992902131.57,SYNTHETIC_MOCK_DATA,17.94557489,16.8252274,16.21977243,16.21977243,2026-09-17T12:53:49.333471+00:00
EQUITY,VTBR,MOEX,RU,RUB,VTBR,11.91815269,0.08173,0.6858,168621701.3,350833775631.21,SYNTHETIC_MOCK_DATA,12.14798767,11.66080626,11.83642268,11.83642268,2026-09-17T12:53:49.333486+00:00
EQUITY,MOEX,MOEX,RU,RUB,MOEX,1361.40506852,62.78901832,4.6121,95308552.99,207869145099939.8,SYNTHETIC_MOCK_DATA,1392.01160611,1309.45057196,1298.6160502,1298.6160502,2026-09-17T12:53:49.333501+00:00
EQUITY,RUAL,MOEX,RU,RUB,RUAL,24.17133219,1.24432961,5.148,20764880.91,3087456847619.81,SYNTHETIC_MOCK_DATA,25.58626642,22.79051805,22.92700258,22.92700258,2026-09-17T12:53:49.333516+00:00
EQUITY,AFLT,MOEX,RU,RUB,AFLT,1542.20707002,-76.83765494,-4.9823,269750144.05,250658056685226.06,SYNTHETIC_MOCK_DATA,1573.04314739,1513.44448837,1619.04472496,1619.04472496,2026-09-17T12:53:49.333531+00:00
EQUITY,IRAO,MOEX,RU,RUB,IRAO,22.43645448,-1.25967072,-5.6144,260302458.52,7173160523851.13,SYNTHETIC_MOCK_DATA,23.37465318,22.12717229,23.6961252,23.6961252,2026-09-17T12:53:49.333546+00:00
EQUITY,THYAO,IST,TR,TRY,THYAO,328.69696801,0.44347019,0.1349,203814534.52,95024783140642.7,SYNTHETIC_MOCK_DATA,344.72528792,309.96417085,328.25349781,328.25349781,2026-09-17T12:53:49.333561+00:00
EQUITY,GARAN,IST,TR,TRY,GARAN,2112.48216939,-61.90633585,-2.9305,130483632.43,720418705364904.6,SYNTHETIC_MOCK_DATA,2214.99615683,2102.66153627,2174.38850524,2174.38850524,2026-09-17T12:53:49.333577+00:00
EQUITY,AKBNK,IST,TR,TRY,AKBNK,595.6189119,-3.98231764,-0.6686,90085265.36,232392870611544.97,SYNTHETIC_MOCK_DATA,618.19646004,587.29858152,599.60122954,599.60122954,2026-09-17T12:53:49.333593+00:00
EQUITY,EREGL,IST,TR,TRY,EREGL,1244.79843822,66.41405306,5.3353,296503178.86,336181540611159.0,SYNTHETIC_MOCK_DATA,1285.2560996,1235.18791037,1178.38438516,1178.38438516,2026-09-17T12:53:49.333608+00:00
EQUITY,BIMAS,IST,TR,TRY,BIMAS,1179.34151565,43.22586095,3.6653,1766789.25,152961423180100.6,SYNTHETIC_MOCK_DATA,1187.93920508,1118.51921944,1136.11565471,1136.11565471,2026-09-17T12:53:49.333623+00:00
EQUITY,ASELS,IST,TR,TRY,ASELS,1131.69559924,38.40837913,3.3939,96336146.81,72926864435051.92,SYNTHETIC_MOCK_DATA,1194.99553099,1119.67178283,1093.28722012,1093.28722012,2026-09-17T12:53:49.333638+00:00
EQUITY,SISE,IST,TR,TRY,SISE,892.39245914,48.17481203,5.3984,48623533.61,350656727092237.4,SYNTHETIC_MOCK_DATA,912.6136456,847.72148504,844.21764711,844.21764711,2026-09-17T12:53:49.333653+00:00
EQUITY,KCHOL,IST,TR,TRY,KCHOL,9.87908369,-0.10808004,-1.094,211964480.18,996909746100.55,SYNTHETIC_MOCK_DATA,10.22851652,9.64523503,9.98716374,9.98716374,2026-09-17T12:53:49.333668+00:00
EQUITY,TUPRS,IST,TR,TRY,TUPRS,1897.00426139,-63.88066966,-3.3674,264930204.2,475124431677707.3,SYNTHETIC_MOCK_DATA,1955.55907232,1813.68057151,1960.88493105,1960.88493105,2026-09-17T12:53:49.333683+00:00
EQUITY,YKBNK,IST,TR,TRY,YKBNK,24.05513905,-0.88193517,-3.6663,162197746.72,9331907132670.62,SYNTHETIC_MOCK_DATA,25.00487718,22.71681546,24.93707421,24.93707421,2026-09-17T12:53:49.333698+00:00
EQUITY,SAHOL,IST,TR,TRY,SAHOL,264.39683629,3.36454011,1.2725,137245666.41,3986543581100.15,SYNTHETIC_MOCK_DATA,278.88887214,255.60777965,261.03229618,261.03229618,2026-09-17T12:53:49.333713+00:00
EQUITY,TCELL,IST,TR,TRY,TCELL,18.0827242,-0.7480271,-4.1367,159902987.81,3490942028088.88,SYNTHETIC_MOCK_DATA,19.09344014,17.12975242,18.83075129,18.83075129,2026-09-17T12:53:49.333728+00:00
EQUITY,FROTO,IST,TR,TRY,FROTO,359.30972355,-10.05696715,-2.799,4542668.67,2772533661148.21,SYNTHETIC_MOCK_DATA,361.26866582,353.43319817,369.3666907,369.3666907,2026-09-17T12:53:49.333742+00:00
EQUITY,TOASO,IST,TR,TRY,TOASO,5.61828371,-0.2993699,-5.3285,81528837.49,986860839201.62,SYNTHETIC_MOCK_DATA,5.93807694,5.54901394,5.91765361,5.91765361,2026-09-17T12:53:49.333757+00:00
EQUITY,PGSUS,IST,TR,TRY,PGSUS,123.14723407,3.70926003,3.0121,23049747.14,23555276570721.74,SYNTHETIC_MOCK_DATA,128.26193472,122.14967908,119.43797404,119.43797404,2026-09-17T12:53:49.333772+00:00
EQUITY,TEVA,TA,IL,ILS,Teva Pharmaceutical,90.4008663,-2.53412154,-2.8032,234362672.64,11375619073505.64,SYNTHETIC_MOCK_DATA,93.92563448,89.11528067,92.93498783,92.93498783,2026-09-17T12:53:49.333788+00:00
EQUITY,ICL,TA,IL,ILS,ICL,5.58460923,-0.26589578,-4.7612,189526236.33,1723097910258.9,SYNTHETIC_MOCK_DATA,5.67390359,5.44296467,5.85050501,5.85050501,2026-09-17T12:53:49.333802+00:00
EQUITY,NICE,TA,IL,ILS,NICE,392.83389019,-5.65022246,-1.4383,233744792.74,137258887931840.5,SYNTHETIC_MOCK_DATA,409.99316994,374.52378877,398.48411265,398.48411265,2026-09-17T12:53:49.333817+00:00
EQUITY,LUMI,TA,IL,ILS,LUMI,2.0242949,0.01494413,0.7382,170038781.29,740784822165.85,SYNTHETIC_MOCK_DATA,2.1449321,1.98419709,2.00935077,2.00935077,2026-09-17T12:53:49.333832+00:00
EQUITY,LEUMI,TA,IL,ILS,LEUMI,7.37536223,-0.02916255,-0.3954,149007622.34,2466014243038.07,SYNTHETIC_MOCK_DATA,7.74630355,7.13492932,7.40452478,7.40452478,2026-09-17T12:53:49.333846+00:00
EQUITY,POLI,TA,IL,ILS,POLI,13.26769226,-0.03843107,-0.2897,79324104.22,926947500740.54,SYNTHETIC_MOCK_DATA,13.69840176,12.82796635,13.30612332,13.30612332,2026-09-17T12:53:49.333861+00:00
EQUITY,ESLT,TA,IL,ILS,ESLT,14.44365207,0.16463951,1.1399,155395781.27,5131057588884.86,SYNTHETIC_MOCK_DATA,15.1485001,13.67430088,14.27901256,14.27901256,2026-09-17T12:53:49.333876+00:00
EQUITY,ELAL,TA,IL,ILS,ELAL,11.0332244,-0.15887007,-1.4399,29478138.19,943036854563.67,SYNTHETIC_MOCK_DATA,11.57740531,10.97994142,11.19209447,11.19209447,2026-09-17T12:53:49.333891+00:00
EQUITY,BEZQ,TA,IL,ILS,BEZQ,4.08088873,0.17888778,4.3835,84670232.83,939933157619.86,SYNTHETIC_MOCK_DATA,4.31398569,3.9495519,3.90200095,3.90200095,2026-09-17T12:53:49.333906+00:00
EQUITY,DSCT,TA,IL,ILS,DSCT,187.81966697,4.43344548,2.3605,168775679.52,6511319575867.83,SYNTHETIC_MOCK_DATA,190.48146825,184.93225622,183.38622149,183.38622149,2026-09-17T12:53:49.333920+00:00
EQUITY,ENOG,TA,IL,ILS,ENOG,6.00083097,-0.18857003,-3.1424,185019271.0,1439302604219.54,SYNTHETIC_MOCK_DATA,6.09485029,5.69230194,6.189401,6.189401,2026-09-17T12:53:49.333935+00:00
EQUITY,OPCE,TA,IL,ILS,OPCE,11.22543458,-0.31796273,-2.8325,294186019.15,1667369168059.13,SYNTHETIC_MOCK_DATA,11.84491814,11.03305625,11.5433973,11.5433973,2026-09-17T12:53:49.333951+00:00
EQUITY,AZRG,TA,IL,ILS,AZRG,431.57565043,0.87959266,0.2038,94764475.53,77508947115022.3,SYNTHETIC_MOCK_DATA,452.24384283,425.65328851,430.69605777,430.69605777,2026-09-17T12:53:49.333966+00:00
EQUITY,FIBI,TA,IL,ILS,FIBI,2.11103402,-0.04716057,-2.234,298153656.15,293380646856.04,SYNTHETIC_MOCK_DATA,2.16751581,1.99779708,2.15819458,2.15819458,2026-09-17T12:53:49.333981+00:00
EQUITY,DLEKG,TA,IL,ILS,DLEKG,5.15631408,0.09315339,1.8066,159901346.51,336895799552.92,SYNTHETIC_MOCK_DATA,5.36700759,5.05977817,5.06316069,5.06316069,2026-09-17T12:53:49.333996+00:00
EQUITY,AIR,NZSX,NZ,NZD,Air New Zealand,7.47218045,0.3078201,4.1195,175547351.06,2168013513827.14,SYNTHETIC_MOCK_DATA,7.69324964,7.31109024,7.16436036,7.16436036,2026-09-17T12:53:49.334013+00:00
EQUITY,AIA,NZSX,NZ,NZD,AIA,12.12685308,0.09113651,0.7515,176581357.33,2935756563074.03,SYNTHETIC_MOCK_DATA,12.43906391,11.55818776,12.03571657,12.03571657,2026-09-17T12:53:49.334028+00:00
EQUITY,FBU,NZSX,NZ,NZD,FBU,24.76594885,-1.37824804,-5.5651,277505626.63,358466184218.41,SYNTHETIC_MOCK_DATA,25.85426205,24.49109142,26.1441969,26.1441969,2026-09-17T12:53:49.334043+00:00
EQUITY,FPH,NZSX,NZ,NZD,FPH,5.67376518,0.14004548,2.4683,124709815.88,1261014244478.88,SYNTHETIC_MOCK_DATA,5.7077394,5.50618825,5.5337197,5.5337197,2026-09-17T12:53:49.334057+00:00
EQUITY,MEL,NZSX,NZ,NZD,MEL,3.2481604,0.07973551,2.4548,226360123.07,308265754732.39,SYNTHETIC_MOCK_DATA,3.42968489,3.0582201,3.16842489,3.16842489,2026-09-17T12:53:49.334071+00:00
EQUITY,MCY,NZSX,NZ,NZD,MCY,1.56353658,-0.0394672,-2.5242,230031744.42,528310365507.16,SYNTHETIC_MOCK_DATA,1.58432375,1.49816441,1.60300378,1.60300378,2026-09-17T12:53:49.334086+00:00
EQUITY,MFT,NZSX,NZ,NZD,MFT,1.85299091,0.00094442,0.051,286895181.14,362927688380.51,SYNTHETIC_MOCK_DATA,1.89469877,1.82673681,1.85204648,1.85204648,2026-09-17T12:53:49.334114+00:00
EQUITY,IFT,NZSX,NZ,NZD,IFT,148.56190127,-1.54126938,-1.0375,170063592.76,39929849039489.97,SYNTHETIC_MOCK_DATA,152.83799639,141.75847408,150.10317065,150.10317065,2026-09-17T12:53:49.334132+00:00
EQUITY,SUM,NZSX,NZ,NZD,SUM,104.00957565,5.32418623,5.1189,58114380.87,21531165218536.03,SYNTHETIC_MOCK_DATA,104.74598652,98.57171604,98.68538942,98.68538942,2026-09-17T12:53:49.334149+00:00
EQUITY,SKL,NZSX,NZ,NZD,SKL,1.2470239,-0.06579155,-5.2759,94845890.02,5813162647.38,SYNTHETIC_MOCK_DATA,1.29095678,1.18797995,1.31281546,1.31281546,2026-09-17T12:53:49.334163+00:00
EQUITY,SPK,NZSX,NZ,NZD,SPK,88.38779824,-1.32620078,-1.5004,200530373.57,23431332133448.6,SYNTHETIC_MOCK_DATA,92.43138598,87.74673774,89.71399901,89.71399901,2026-09-17T12:53:49.334178+00:00
EQUITY,RYM,NZSX,NZ,NZD,RYM,28.35351456,0.02167559,0.0764,43044696.2,4937105572640.5,SYNTHETIC_MOCK_DATA,28.98113604,27.95066491,28.33183897,28.33183897,2026-09-17T12:53:49.334193+00:00
EQUITY,ATM,NZSX,NZ,NZD,ATM,33.70607879,1.53049175,4.5407,100774601.62,4088025707392.12,SYNTHETIC_MOCK_DATA,35.37170419,32.7692412,32.17558705,32.17558705,2026-09-17T12:53:49.334208+00:00
EQUITY,EBO,NZSX,NZ,NZD,EBO,117.04891627,-6.49591966,-5.5497,198577558.64,15960779790898.91,SYNTHETIC_MOCK_DATA,118.81496264,114.22472552,123.54483593,123.54483593,2026-09-17T12:53:49.334224+00:00
EQUITY,CNU,NZSX,NZ,NZD,CNU,94.27529633,-3.87678469,-4.1122,237971024.8,36609405129765.63,SYNTHETIC_MOCK_DATA,99.4618431,91.90715683,98.15208101,98.15208101,2026-09-17T12:53:49.334239+00:00
EQUITY,EQNR,OSE,NO,NOK,Equinor,97.25263268,-3.49541699,-3.5942,14287450.15,203662829154.79,SYNTHETIC_MOCK_DATA,101.89460416,92.47197633,100.74804967,100.74804967,2026-09-17T12:53:49.334253+00:00
EQUITY,DNB,OSE,NO,NOK,DNB Bank,3.49365279,0.1730809,4.9542,261687259.87,461543675088.85,SYNTHETIC_MOCK_DATA,3.53398258,3.39022059,3.32057189,3.32057189,2026-09-17T12:53:49.334268+00:00
EQUITY,YAR,OSE,NO,NOK,YAR,5.39046571,0.24063051,4.464,13563963.99,1805711562575.75,SYNTHETIC_MOCK_DATA,5.42105738,5.07249137,5.14983521,5.14983521,2026-09-17T12:53:49.334282+00:00
EQUITY,TEL,OSE,NO,NOK,TEL,5.63503901,-0.15410207,-2.7347,297693456.45,47742738010.63,SYNTHETIC_MOCK_DATA,5.95431646,5.30020839,5.78914108,5.78914108,2026-09-17T12:53:49.334297+00:00
EQUITY,ORK,OSE,NO,NOK,ORK,510.67378132,-3.53573505,-0.6924,108787338.93,29869569986437.17,SYNTHETIC_MOCK_DATA,540.88776145,495.12732392,514.20951637,514.20951637,2026-09-17T12:53:49.334313+00:00
EQUITY,MOWI,OSE,NO,NOK,MOWI,327.00131664,-8.06483759,-2.4663,137531280.66,1051684708052.99,SYNTHETIC_MOCK_DATA,338.53137053,315.97560054,335.06615424,335.06615424,2026-09-17T12:53:49.334327+00:00
EQUITY,NHY,OSE,NO,NOK,NHY,3.88455682,0.01164161,0.2997,12560211.73,1118825883568.39,SYNTHETIC_MOCK_DATA,4.04320865,3.69234612,3.87291522,3.87291522,2026-09-17T12:53:49.334342+00:00
EQUITY,AKRBP,OSE,NO,NOK,AKRBP,1075.35622015,-19.6233074,-1.8248,221033826.62,174752255682691.56,SYNTHETIC_MOCK_DATA,1121.27711524,1068.82787966,1094.97952755,1094.97952755,2026-09-17T12:53:49.334357+00:00
EQUITY,SALM,OSE,NO,NOK,SALM,35.61447709,0.86231216,2.4212,195247530.29,2945213487033.24,SYNTHETIC_MOCK_DATA,37.21329442,35.09847658,34.75216493,34.75216493,2026-09-17T12:53:49.334371+00:00
EQUITY,SUBC,OSE,NO,NOK,SUBC,54.31194632,-2.45101358,-4.5128,269331908.37,4601063573161.93,SYNTHETIC_MOCK_DATA,54.59664841,51.98219911,56.7629599,56.7629599,2026-09-17T12:53:49.334386+00:00
EQUITY,NEL,OSE,NO,NOK,NEL,115.98999573,-3.27568438,-2.8241,115219484.46,44746397259880.66,SYNTHETIC_MOCK_DATA,118.94711915,114.990086,119.26568012,119.26568012,2026-09-17T12:53:49.334401+00:00
EQUITY,SCATC,OSE,NO,NOK,SCATC,355.27532688,2.5265181,0.7111,150836132.33,111283871571218.33,SYNTHETIC_MOCK_DATA,361.05978553,349.96368242,352.74880878,352.74880878,2026-09-17T12:53:49.334416+00:00
EQUITY,KOG,OSE,NO,NOK,KOG,6.06042894,0.12953564,2.1374,237533782.13,110203920795.61,SYNTHETIC_MOCK_DATA,6.18055975,5.75801297,5.9308933,5.9308933,2026-09-17T12:53:49.334431+00:00
EQUITY,VAR,OSE,NO,NOK,VAR,12.66466874,-0.70091895,-5.5344,40370690.0,3584108757920.57,SYNTHETIC_MOCK_DATA,13.3790891,12.49447922,13.36558769,13.36558769,2026-09-17T12:53:49.334446+00:00
EQUITY,TOM,OSE,NO,NOK,TOM,199.6781716,11.4382628,5.7283,194467318.0,26104763568877.45,SYNTHETIC_MOCK_DATA,207.37537194,196.89418958,188.23990881,188.23990881,2026-09-17T12:53:49.334461+00:00
EQUITY,AUSS,OSE,NO,NOK,AUSS,197.33076409,-0.7571605,-0.3837,151596451.51,13890694844369.6,SYNTHETIC_MOCK_DATA,204.27923604,191.804468,198.08792459,198.08792459,2026-09-17T12:53:49.334475+00:00
EQUITY,STB,OSE,NO,NOK,STB,107.55885408,-1.9606998,-1.8229,292266265.0,21193454186333.29,SYNTHETIC_MOCK_DATA,110.42082529,103.11313743,109.51955389,109.51955389,2026-09-17T12:53:49.334490+00:00
EQUITY,AKER,OSE,NO,NOK,AKER,54.93367569,2.08932881,3.8034,286955541.84,20358336112594.59,SYNTHETIC_MOCK_DATA,58.15761019,53.5386867,52.84434687,52.84434687,2026-09-17T12:53:49.334505+00:00
EQUITY,BWLPG,OSE,NO,NOK,BWLPG,20.83553043,-1.12532177,-5.401,278269875.05,2050900426894.66,SYNTHETIC_MOCK_DATA,21.77507181,20.72832888,21.9608522,21.9608522,2026-09-17T12:53:49.334520+00:00
EQUITY,BORR,OSE,NO,NOK,BORR,550.39919045,-6.00896348,-1.0917,179616366.11,158123775507948.47,SYNTHETIC_MOCK_DATA,552.45189769,534.88930137,556.40815393,556.40815393,2026-09-17T12:53:49.334535+00:00
EQUITY,NDA,OMX,SE,SEK,NDA,96.24494498,-1.10719528,-1.1504,264258976.45,31698948938726.69,SYNTHETIC_MOCK_DATA,101.7405669,90.8239352,97.35214025,97.35214025,2026-09-17T12:53:49.334550+00:00
EQUITY,VOLV B,OMX,SE,SEK,VOLV B,14.80896052,-0.02798215,-0.189,155044107.86,1441010678832.24,SYNTHETIC_MOCK_DATA,15.00885706,13.98339643,14.83694267,14.83694267,2026-09-17T12:53:49.334564+00:00
EQUITY,ERIC B,OMX,SE,SEK,ERIC B,28.00348408,-0.88959552,-3.1767,176773633.23,10118644196862.26,SYNTHETIC_MOCK_DATA,28.11312862,27.13399305,28.8930796,28.8930796,2026-09-17T12:53:49.334579+00:00
EQUITY,HM B,OMX,SE,SEK,HM B,46.95174029,1.18708349,2.5283,219524620.85,9408908839178.24,SYNTHETIC_MOCK_DATA,48.87193493,44.99134996,45.76465679,45.76465679,2026-09-17T12:53:49.334593+00:00
EQUITY,SEB A,OMX,SE,SEK,SEB A,1205.05171496,-64.76589161,-5.3745,104596460.89,126084608973506.31,SYNTHETIC_MOCK_DATA,1260.44421465,1155.74356364,1269.81760657,1269.81760657,2026-09-17T12:53:49.334699+00:00
EQUITY,ATCO A,OMX,SE,SEK,ATCO A,1478.23108204,-83.16008609,-5.6256,155510951.75,540443591706672.9,SYNTHETIC_MOCK_DATA,1511.06440728,1402.18105899,1561.39116814,1561.39116814,2026-09-17T12:53:49.334717+00:00
EQUITY,SAND,OMX,SE,SEK,SAND,74.14300913,1.30894391,1.7654,98500891.34,18415766817283.77,SYNTHETIC_MOCK_DATA,75.16160717,72.32633916,72.83406522,72.83406522,2026-09-17T12:53:49.334734+00:00
EQUITY,ESSITY B,OMX,SE,SEK,ESSITY B,165.06192016,-2.76552943,-1.6754,116253823.28,51383432896349.8,SYNTHETIC_MOCK_DATA,174.42433313,164.24332672,167.8274496,167.8274496,2026-09-17T12:53:49.334749+00:00
EQUITY,SWED A,OMX,SE,SEK,SWED A,240.96212216,-0.79814569,-0.3312,294980609.85,8698591879160.05,SYNTHETIC_MOCK_DATA,253.27606,237.02162259,241.76026786,241.76026786,2026-09-17T12:53:49.334765+00:00
EQUITY,HEXA B,OMX,SE,SEK,HEXA B,102.60726136,-3.52401026,-3.4345,71256566.92,26302722277542.81,SYNTHETIC_MOCK_DATA,103.0876999,98.2870267,106.13127162,106.13127162,2026-09-17T12:53:49.334780+00:00
EQUITY,EVO,OMX,SE,SEK,EVO,39.75418227,-0.89227818,-2.2445,31639690.51,1084597373093.47,SYNTHETIC_MOCK_DATA,41.42397653,37.53161139,40.64646045,40.64646045,2026-09-17T12:53:49.334795+00:00
EQUITY,SCA B,OMX,SE,SEK,SCA B,3.14895588,0.0830267,2.6366,196826657.63,423130346554.49,SYNTHETIC_MOCK_DATA,3.16440879,2.97119042,3.06592917,3.06592917,2026-09-17T12:53:49.334810+00:00
EQUITY,ASSA B,OMX,SE,SEK,ASSA B,5.18370451,0.2769868,5.3434,84396391.96,497762202210.45,SYNTHETIC_MOCK_DATA,5.2439564,4.98338862,4.90671772,4.90671772,2026-09-17T12:53:49.334824+00:00
EQUITY,INVE B,OMX,SE,SEK,INVE B,12.91051882,0.69874436,5.4122,229690716.32,2237149454424.22,SYNTHETIC_MOCK_DATA,13.51749184,12.72438138,12.21177445,12.21177445,2026-09-17T12:53:49.334839+00:00
EQUITY,TEL2 B,OMX,SE,SEK,TEL2 B,298.31894281,4.19918904,1.4076,5469842.47,17250426356887.24,SYNTHETIC_MOCK_DATA,305.3052763,297.09840379,294.11975377,294.11975377,2026-09-17T12:53:49.334855+00:00
EQUITY,SINCH,OMX,SE,SEK,SINCH,4.49897453,-0.11341673,-2.5209,297499139.31,263690726281.66,SYNTHETIC_MOCK_DATA,4.52464905,4.30216682,4.61239126,4.61239126,2026-09-17T12:53:49.334870+00:00
EQUITY,ALFA,OMX,SE,SEK,ALFA,11.04823806,-0.43487499,-3.9361,11989965.58,3313902644625.23,SYNTHETIC_MOCK_DATA,11.20249021,10.43436749,11.48311305,11.48311305,2026-09-17T12:53:49.334909+00:00
EQUITY,SHB A,OMX,SE,SEK,SHB A,4.66178653,-0.24766844,-5.3127,103342781.65,586018261279.39,SYNTHETIC_MOCK_DATA,4.72207333,4.57296872,4.90945497,4.90945497,2026-09-17T12:53:49.334924+00:00
EQUITY,ABB,OMX,SE,SEK,ABB,4.12889349,0.05853832,1.4178,100880649.29,1124473812677.16,SYNTHETIC_MOCK_DATA,4.29261199,3.9820993,4.07035517,4.07035517,2026-09-17T12:53:49.334939+00:00
EQUITY,SKA B,OMX,SE,SEK,SKA B,870.29429438,-31.87269775,-3.6623,107184794.97,54131197535765.88,SYNTHETIC_MOCK_DATA,917.05482561,861.95279818,902.16699213,902.16699213,2026-09-17T12:53:49.334954+00:00
CRYPTO,BTC,CRYPTO,GLOBAL,USD,Bitcoin,65000,-3235.27239711,-4.9773,50268632834290.66,310768859762564.94,SYNTHETIC_MOCK_DATA,65649.00822217,63920.57955931,68235.27239711,68235.27239711,2026-09-17T12:53:49.335022+00:00
CRYPTO,ETH,CRYPTO,GLOBAL,USD,Ethereum,3200,-102.14910741,-3.1922,1701937179084.16,501772507681978.8,SYNTHETIC_MOCK_DATA,3447.31874746,2971.59268051,3302.14910741,3302.14910741,2026-09-17T12:53:49.335044+00:00
CRYPTO,USDT,CRYPTO,GLOBAL,USD,Tether,1.0,0.01450166,1.4502,313227746.03,109808542820.65,SYNTHETIC_MOCK_DATA,1.01689293,0.9540644,0.98549834,0.98549834,2026-09-17T12:53:49.335061+00:00
CRYPTO,BNB,CRYPTO,GLOBAL,USD,BNB,650,7.94867789,1.2229,506130490193.58,43208710805406.19,SYNTHETIC_MOCK_DATA,671.52751798,638.93716808,642.05132211,642.05132211,2026-09-17T12:53:49.335080+00:00
CRYPTO,XRP,CRYPTO,GLOBAL,USD,XRP,2.8,-0.17768305,-6.3458,714333434.0,118203403599.85,SYNTHETIC_MOCK_DATA,2.91477495,2.57767212,2.97768305,2.97768305,2026-09-17T12:53:49.335113+00:00
CRYPTO,USDC,CRYPTO,GLOBAL,USD,USDC,1.0,-0.00469811,-0.4698,155175928.25,62181327052.31,SYNTHETIC_MOCK_DATA,1.02983005,0.99095591,1.00469811,1.00469811,2026-09-17T12:53:49.335130+00:00
CRYPTO,SOL,CRYPTO,GLOBAL,USD,Solana,150,-8.56166647,-5.7078,42748904890.61,17965463624182.09,SYNTHETIC_MOCK_DATA,158.16891156,146.2122423,158.56166647,158.56166647,2026-09-17T12:53:49.335147+00:00
CRYPTO,TRX,CRYPTO,GLOBAL,USD,TRON,0.35,0.01774558,5.0702,16538520.04,19720039978.48,SYNTHETIC_MOCK_DATA,0.3524013,0.33884081,0.33225442,0.33225442,2026-09-17T12:53:49.335163+00:00
CRYPTO,DOGE,CRYPTO,GLOBAL,USD,Dogecoin,0.22,-0.00591893,-2.6904,106651717.19,15010406547.19,SYNTHETIC_MOCK_DATA,0.22416866,0.20321517,0.22591893,0.22591893,2026-09-17T12:53:49.335179+00:00
CRYPTO,ADA,CRYPTO,GLOBAL,USD,Cardano,0.75,-0.0416072,-5.5476,223464852.21,72572047838.48,SYNTHETIC_MOCK_DATA,0.78886787,0.74036442,0.7916072,0.7916072,2026-09-17T12:53:49.335194+00:00
CRYPTO,BCH,CRYPTO,GLOBAL,USD,BCH,2.37499551,0.08716489,3.6701,1621037064.03,1777734461.07,SYNTHETIC_MOCK_DATA,2.40107134,2.25919032,2.28783062,2.28783062,2026-09-17T12:53:49.335209+00:00
CRYPTO,LINK,CRYPTO,GLOBAL,USD,Chainlink,22,-1.43516046,-6.5235,16493548925.84,3620385374537.94,SYNTHETIC_MOCK_DATA,22.82391019,20.91722135,23.43516046,23.43516046,2026-09-17T12:53:49.335225+00:00
CRYPTO,AVAX,CRYPTO,GLOBAL,USD,Avalanche,25,0.05033425,0.2013,12360233613.32,745918461761.24,SYNTHETIC_MOCK_DATA,26.40204509,24.27047329,24.94966575,24.94966575,2026-09-17T12:53:49.335240+00:00
CRYPTO,XLM,CRYPTO,GLOBAL,USD,Stellar,0.28,-0.00298402,-1.0657,199616690.99,15515222447.78,SYNTHETIC_MOCK_DATA,0.28520985,0.27530117,0.28298402,0.28298402,2026-09-17T12:53:49.335256+00:00
CRYPTO,SUI,CRYPTO,GLOBAL,USD,SUI,0.47683332,0.02535781,5.318,143315575.97,66343830055.27,SYNTHETIC_MOCK_DATA,0.49978761,0.44261134,0.45147551,0.45147551,2026-09-17T12:53:49.335272+00:00
CRYPTO,SHIB,CRYPTO,GLOBAL,USD,Shiba Inu,0.07284956,-0.00203307,-2.7908,4172365.61,13200255393.13,SYNTHETIC_MOCK_DATA,0.07775418,0.06857192,0.07488263,0.07488263,2026-09-17T12:53:49.335286+00:00
CRYPTO,TON,CRYPTO,GLOBAL,USD,Toncoin,260.58479126,18.01509251,6.9133,76404564484.48,49203536978123.03,SYNTHETIC_MOCK_DATA,273.73876072,244.75646004,242.56969875,242.56969875,2026-09-17T12:53:49.335303+00:00
CRYPTO,HBAR,CRYPTO,GLOBAL,USD,Hedera,9.97688737,0.26590135,2.6652,4004893208.97,1957889213639.03,SYNTHETIC_MOCK_DATA,10.48024478,9.73578785,9.71098602,9.71098602,2026-09-17T12:53:49.335320+00:00
CRYPTO,DOT,CRYPTO,GLOBAL,USD,Polkadot,4.5,-0.12134146,-2.6965,54355412.22,109019211815.22,SYNTHETIC_MOCK_DATA,4.58514967,4.31437733,4.62134146,4.62134146,2026-09-17T12:53:49.335336+00:00
CRYPTO,LEO,CRYPTO,GLOBAL,USD,LEO,1.05815854,0.04984522,4.7106,824140349.39,46375469127.16,SYNTHETIC_MOCK_DATA,1.0634562,0.98242398,1.00831332,1.00831332,2026-09-17T12:53:49.335351+00:00
CRYPTO,LTC,CRYPTO,GLOBAL,USD,Litecoin,95,6.7966847,7.1544,69942638011.36,17143308042216.54,SYNTHETIC_MOCK_DATA,96.76522259,90.15747029,88.2033153,88.2033153,2026-09-17T12:53:49.335367+00:00
CRYPTO,BGB,CRYPTO,GLOBAL,USD,BGB,0.0464725,-0.00335068,-7.21,22832387.05,3692346842.62,SYNTHETIC_MOCK_DATA,0.04845007,0.04293726,0.04982318,0.04982318,2026-09-17T12:53:49.335382+00:00
CRYPTO,HYPE,CRYPTO,GLOBAL,USD,HYPE,28.67904104,0.17447714,0.6084,499046621.55,3499944146518.86,SYNTHETIC_MOCK_DATA,29.53862239,27.87655022,28.50456389,28.50456389,2026-09-17T12:53:49.335397+00:00
CRYPTO,UNI,CRYPTO,GLOBAL,USD,Uniswap,179.05470483,1.45985879,0.8153,74452809865.26,6957161041444.69,SYNTHETIC_MOCK_DATA,185.38174205,165.72157134,177.59484604,177.59484604,2026-09-17T12:53:49.335413+00:00
CRYPTO,XMR,CRYPTO,GLOBAL,USD,Monero,39.67383948,-2.67625058,-6.7456,12663587199.53,2582243199820.62,SYNTHETIC_MOCK_DATA,42.53553854,36.93237765,42.35009006,42.35009006,2026-09-17T12:53:49.335428+00:00
CRYPTO,PEPE,CRYPTO,GLOBAL,USD,Pepe,1.20710729,-0.06087298,-5.0429,91367139.31,171336255963.97,SYNTHETIC_MOCK_DATA,1.25175278,1.16700009,1.26798027,1.26798027,2026-09-17T12:53:49.335443+00:00
CRYPTO,NEAR,CRYPTO,GLOBAL,USD,NEAR Protocol,0.15867174,-6.178e-05,-0.0389,106506216.23,3478697223.72,SYNTHETIC_MOCK_DATA,0.17133419,0.1525555,0.15873353,0.15873353,2026-09-17T12:53:49.335458+00:00
CRYPTO,APT,CRYPTO,GLOBAL,USD,Aptos,19.33014154,-0.55824246,-2.8879,1589062041.12,642828130022.81,SYNTHETIC_MOCK_DATA,19.78902824,17.87495875,19.888384,19.888384,2026-09-17T12:53:49.335473+00:00
CRYPTO,ETC,CRYPTO,GLOBAL,USD,Ethereum Classic,78.2533814,5.4919535,7.0182,49576619273.27,9604859476790.96,SYNTHETIC_MOCK_DATA,80.80674188,75.08226895,72.76142789,72.76142789,2026-09-17T12:53:49.335488+00:00
CRYPTO,CRO,CRYPTO,GLOBAL,USD,CRO,1.78868743,0.12850934,7.1846,1112611301.41,153831967961.0,SYNTHETIC_MOCK_DATA,1.80004005,1.70836087,1.6601781,1.6601781,2026-09-17T12:53:49.335504+00:00
CRYPTO,ICP,CRYPTO,GLOBAL,USD,ICP,0.04454313,0.00025934,0.5822,29711443.89,4572857430.13,SYNTHETIC_MOCK_DATA,0.04678554,0.04419575,0.04428379,0.04428379,2026-09-17T12:53:49.335518+00:00
CRYPTO,MNT,CRYPTO,GLOBAL,USD,MNT,34.15423741,1.46939067,4.3022,8826305778.15,1065889990540.1,SYNTHETIC_MOCK_DATA,35.38703996,33.30122621,32.68484673,32.68484673,2026-09-17T12:53:49.335535+00:00
CRYPTO,TAO,CRYPTO,GLOBAL,USD,TAO,0.01491618,0.00019988,1.34,9765133.19,891121099.23,SYNTHETIC_MOCK_DATA,0.01609873,0.01391435,0.0147163,0.0147163,2026-09-17T12:53:49.335550+00:00
CRYPTO,POL,CRYPTO,GLOBAL,USD,POL,126.44161005,5.24919464,4.1515,86379853295.47,6736273218323.75,SYNTHETIC_MOCK_DATA,133.50166717,118.35518479,121.19241541,121.19241541,2026-09-17T12:53:49.335566+00:00
CRYPTO,ATOM,CRYPTO,GLOBAL,USD,Cosmos,0.99267038,0.00649451,0.6542,236771673.88,113856525132.33,SYNTHETIC_MOCK_DATA,1.0530472,0.9138171,0.98617587,0.98617587,2026-09-17T12:53:49.335581+00:00
CRYPTO,FIL,CRYPTO,GLOBAL,USD,Filecoin,0.02386502,0.00018919,0.7928,10568723.0,1925268540.25,SYNTHETIC_MOCK_DATA,0.02460839,0.02329807,0.02367582,0.02367582,2026-09-17T12:53:49.335596+00:00
CRYPTO,ALGO,CRYPTO,GLOBAL,USD,ALGO,19.80496665,-1.52447713,-7.6974,13634497675.31,1248168365365.89,SYNTHETIC_MOCK_DATA,20.09687962,18.80550598,21.32944378,21.32944378,2026-09-17T12:53:49.335611+00:00
CRYPTO,ARB,CRYPTO,GLOBAL,USD,Arbitrum,29.58208167,0.0838543,0.2835,12228316473.71,1404971600133.93,SYNTHETIC_MOCK_DATA,30.73774974,28.32429565,29.49822737,29.49822737,2026-09-17T12:53:49.335626+00:00
CRYPTO,OP,CRYPTO,GLOBAL,USD,Optimism,11.72804589,-0.51622726,-4.4016,8078109898.17,91660618919.58,SYNTHETIC_MOCK_DATA,12.36036371,11.63643713,12.24427315,12.24427315,2026-09-17T12:53:49.335641+00:00
CRYPTO,VET,CRYPTO,GLOBAL,USD,VET,64.24656763,-4.39649964,-6.8432,8792079812.06,10229790824703.64,SYNTHETIC_MOCK_DATA,65.23483357,59.49356797,68.64306727,68.64306727,2026-09-17T12:53:49.335657+00:00
CRYPTO,KAS,CRYPTO,GLOBAL,USD,KAS,0.0382073,0.00140266,3.6712,23475950.95,7140848751.83,SYNTHETIC_MOCK_DATA,0.04082901,0.03662735,0.03680464,0.03680464,2026-09-17T12:53:49.335671+00:00
CRYPTO,AAVE,CRYPTO,GLOBAL,USD,Aave,111.69899834,2.27536421,2.037,40067299156.36,4941127762379.52,SYNTHETIC_MOCK_DATA,120.52081703,107.31575925,109.42363414,109.42363414,2026-09-17T12:53:49.335687+00:00
CRYPTO,QNT,CRYPTO,GLOBAL,USD,QNT,16.65964547,0.1993201,1.1964,5535513430.95,2395614666273.31,SYNTHETIC_MOCK_DATA,16.95091407,15.86182466,16.46032537,16.46032537,2026-09-17T12:53:49.335702+00:00
CRYPTO,STX,CRYPTO,GLOBAL,USD,STX,16.0288852,0.1008586,0.6292,8608579748.69,2872444489087.36,SYNTHETIC_MOCK_DATA,17.11398318,15.0021981,15.9280266,15.9280266,2026-09-17T12:53:49.335717+00:00
CRYPTO,INJ,CRYPTO,GLOBAL,USD,Injective,0.03910437,0.00269914,6.9024,13830111.6,5844370055.54,SYNTHETIC_MOCK_DATA,0.04030292,0.03680336,0.03640523,0.03640523,2026-09-17T12:53:49.335732+00:00
CRYPTO,IMX,CRYPTO,GLOBAL,USD,IMX,19.56937471,0.79164492,4.0453,13106451016.57,947686394603.56,SYNTHETIC_MOCK_DATA,20.75218496,18.56764949,18.77772979,18.77772979,2026-09-17T12:53:49.335747+00:00
CRYPTO,FTM,CRYPTO,GLOBAL,USD,FTM,0.91346122,-0.07272695,-7.9617,563575719.12,145844493490.0,SYNTHETIC_MOCK_DATA,0.94423153,0.85725653,0.98618817,0.98618817,2026-09-17T12:53:49.335763+00:00
CRYPTO,SEI,CRYPTO,GLOBAL,USD,SEI,0.05403181,0.0004764,0.8817,42315641.88,8947675218.44,SYNTHETIC_MOCK_DATA,0.05805507,0.05306886,0.05355541,0.05355541,2026-09-17T12:53:49.335777+00:00
CRYPTO,THETA,CRYPTO,GLOBAL,USD,THETA,7.7464349,0.22388831,2.8902,1178890530.85,1379638389636.04,SYNTHETIC_MOCK_DATA,7.81132392,7.20223591,7.52254659,7.52254659,2026-09-17T12:53:49.335793+00:00
CRYPTO,GRT,CRYPTO,GLOBAL,USD,GRT,5.87431912,-0.14592403,-2.4841,2588864605.91,1002654284216.24,SYNTHETIC_MOCK_DATA,6.17595356,5.42621124,6.02024315,6.02024315,2026-09-17T12:53:49.335807+00:00
CRYPTO,EOS,CRYPTO,GLOBAL,USD,EOS,67.30170426,5.03852574,7.4865,33479398532.69,11224285927290.65,SYNTHETIC_MOCK_DATA,72.07030014,62.04472881,62.26317852,62.26317852,2026-09-17T12:53:49.335823+00:00
CRYPTO,FLOW,CRYPTO,GLOBAL,USD,FLOW,88.91319466,2.11869221,2.3829,17393878321.22,604004332032.91,SYNTHETIC_MOCK_DATA,95.28666544,81.85705391,86.79450245,86.79450245,2026-09-17T12:53:49.335838+00:00
CRYPTO,SAND,CRYPTO,GLOBAL,USD,The Sandbox,0.61483404,-0.0385509,-6.2701,149114076.73,120694651121.94,SYNTHETIC_MOCK_DATA,0.6302213,0.57124285,0.65338494,0.65338494,2026-09-17T12:53:49.335853+00:00
CRYPTO,MANA,CRYPTO,GLOBAL,USD,Decentraland,0.2603031,0.02054974,7.8945,197053432.44,23423278946.92,SYNTHETIC_MOCK_DATA,0.26289466,0.2511326,0.23975336,0.23975336,2026-09-17T12:53:49.335870+00:00
CRYPTO,AXS,CRYPTO,GLOBAL,USD,Axie Infinity,0.25928618,-0.00614755,-2.371,80809425.21,33246611175.99,SYNTHETIC_MOCK_DATA,0.27185477,0.2487347,0.26543373,0.26543373,2026-09-17T12:53:49.335884+00:00
CRYPTO,XTZ,CRYPTO,GLOBAL,USD,XTZ,0.05591705,0.00233076,4.1682,42329747.75,4937060541.23,SYNTHETIC_MOCK_DATA,0.05833394,0.05372005,0.05358629,0.05358629,2026-09-17T12:53:49.335899+00:00
CRYPTO,EGLD,CRYPTO,GLOBAL,USD,EGLD,0.42677388,-0.02568618,-6.0187,67492970.6,48744003055.29,SYNTHETIC_MOCK_DATA,0.44215952,0.42443963,0.45246006,0.45246006,2026-09-17T12:53:49.335914+00:00
CRYPTO,MKR,CRYPTO,GLOBAL,USD,Maker,0.27193317,-0.02133068,-7.8441,116770973.83,42941251403.89,SYNTHETIC_MOCK_DATA,0.28411365,0.26696069,0.29326385,0.29326385,2026-09-17T12:53:49.335928+00:00
CRYPTO,SNX,CRYPTO,GLOBAL,USD,SNX,207.68712891,-0.37959902,-0.1828,60837991488.85,13823333023711.83,SYNTHETIC_MOCK_DATA,214.40758565,205.47462842,208.06672793,208.06672793,2026-09-17T12:53:49.335943+00:00
CRYPTO,RUNE,CRYPTO,GLOBAL,USD,THORChain,109.20601756,1.75972683,1.6114,41232797979.13,4780492475026.85,SYNTHETIC_MOCK_DATA,116.57049304,101.64963697,107.44629073,107.44629073,2026-09-17T12:53:49.335959+00:00
CRYPTO,NEO,CRYPTO,GLOBAL,USD,NEO,153.30431657,-8.93480972,-5.8282,94965891523.64,29948975175206.12,SYNTHETIC_MOCK_DATA,156.84668053,148.5762648,162.23912629,162.23912629,2026-09-17T12:53:49.336004+00:00
CRYPTO,CHZ,CRYPTO,GLOBAL,USD,CHZ,9.7766375,0.67353159,6.8892,4428053443.7,1114476264638.42,SYNTHETIC_MOCK_DATA,10.25039802,9.56915761,9.10310591,9.10310591,2026-09-17T12:53:49.336021+00:00
CRYPTO,KAVA,CRYPTO,GLOBAL,USD,KAVA,0.30385147,-0.01162998,-3.8275,207501629.81,29665044839.53,SYNTHETIC_MOCK_DATA,0.31647734,0.28972168,0.31548145,0.31548145,2026-09-17T12:53:49.336036+00:00
CRYPTO,CRV,CRYPTO,GLOBAL,USD,CRV,86.22528701,-5.51767488,-6.3991,32205980811.18,4213178989857.99,SYNTHETIC_MOCK_DATA,88.68790245,85.2845233,91.74296189,91.74296189,2026-09-17T12:53:49.336051+00:00
CRYPTO,COMP,CRYPTO,GLOBAL,USD,COMP,0.32998132,-0.00808866,-2.4512,84362085.27,65952281175.95,SYNTHETIC_MOCK_DATA,0.34030616,0.32622676,0.33806999,0.33806999,2026-09-17T12:53:49.336067+00:00
CRYPTO,DYDX,CRYPTO,GLOBAL,USD,DYDX,0.04554766,0.00076298,1.6751,1434496.42,6228630196.23,SYNTHETIC_MOCK_DATA,0.04636348,0.04240842,0.04478467,0.04478467,2026-09-17T12:53:49.336081+00:00
CRYPTO,LDO,CRYPTO,GLOBAL,USD,Lido DAO,0.79436084,0.02302669,2.8988,512130514.49,16355340645.36,SYNTHETIC_MOCK_DATA,0.85356301,0.75953404,0.77133416,0.77133416,2026-09-17T12:53:49.336110+00:00
CRYPTO,APE,CRYPTO,GLOBAL,USD,APE,0.68730521,0.03826417,5.5673,392644962.87,53211229612.13,SYNTHETIC_MOCK_DATA,0.7369018,0.6477488,0.64904104,0.64904104,2026-09-17T12:53:49.336127+00:00
CRYPTO,GALA,CRYPTO,GLOBAL,USD,Gala,3.80801814,0.0393901,1.0344,2701397305.38,635228862344.96,SYNTHETIC_MOCK_DATA,4.05421393,3.68771065,3.76862804,3.76862804,2026-09-17T12:53:49.336143+00:00
CRYPTO,ENJ,CRYPTO,GLOBAL,USD,ENJ,3.53219127,-0.01499296,-0.4245,1479829764.02,140807162870.72,SYNTHETIC_MOCK_DATA,3.78120344,3.38877278,3.54718422,3.54718422,2026-09-17T12:53:49.336157+00:00
CRYPTO,BAT,CRYPTO,GLOBAL,USD,BAT,4.13547331,0.31810161,7.692,2803265637.01,350502991453.12,SYNTHETIC_MOCK_DATA,4.38027674,3.97353309,3.8173717,3.8173717,2026-09-17T12:53:49.336172+00:00
CRYPTO,ZEC,CRYPTO,GLOBAL,USD,ZEC,15.67726572,0.28061799,1.79,3575470133.49,3049547466305.52,SYNTHETIC_MOCK_DATA,16.65190632,15.51963154,15.39664773,15.39664773,2026-09-17T12:53:49.336186+00:00
CRYPTO,DASH,CRYPTO,GLOBAL,USD,DASH,1.95471233,-0.04314162,-2.2071,1246895687.18,18951079491.27,SYNTHETIC_MOCK_DATA,2.06884345,1.86971922,1.99785395,1.99785395,2026-09-17T12:53:49.336201+00:00
CRYPTO,CAKE,CRYPTO,GLOBAL,USD,CAKE,160.7008275,-7.92228888,-4.9298,74413553988.19,27656605093220.75,SYNTHETIC_MOCK_DATA,162.74822464,159.36344977,168.62311638,168.62311638,2026-09-17T12:53:49.336218+00:00
CRYPTO,ROSE,CRYPTO,GLOBAL,USD,ROSE,0.02842728,-0.00045267,-1.5924,1578509.01,1613756175.46,SYNTHETIC_MOCK_DATA,0.02924335,0.02753822,0.02887995,0.02887995,2026-09-17T12:53:49.336259+00:00
CRYPTO,MINA,CRYPTO,GLOBAL,USD,MINA,118.6757949,0.69775526,0.588,19723117947.5,22448279518173.48,SYNTHETIC_MOCK_DATA,122.84348674,109.2936926,117.97803965,117.97803965,2026-09-17T12:53:49.336277+00:00
CRYPTO,WIF,CRYPTO,GLOBAL,USD,dogwifhat,7.50932705,0.36304156,4.8345,5715185397.87,537166420368.49,SYNTHETIC_MOCK_DATA,7.81185919,6.92859247,7.14628549,7.14628549,2026-09-17T12:53:49.336292+00:00
CRYPTO,BONK,CRYPTO,GLOBAL,USD,Bonk,45.61734446,1.75169585,3.84,29321403795.33,5041734178019.36,SYNTHETIC_MOCK_DATA,48.76241351,43.46439757,43.86564861,43.86564861,2026-09-17T12:53:49.336307+00:00
CRYPTO,JASMY,CRYPTO,GLOBAL,USD,JASMY,0.04768028,-0.00188905,-3.9619,18721982.84,9051226270.17,SYNTHETIC_MOCK_DATA,0.05081785,0.04502472,0.04956933,0.04956933,2026-09-17T12:53:49.336323+00:00
CRYPTO,FLOKI,CRYPTO,GLOBAL,USD,FLOKI,34.28446586,1.8206048,5.3103,24377478240.78,3386844510296.24,SYNTHETIC_MOCK_DATA,35.72931471,33.74496982,32.46386106,32.46386106,2026-09-17T12:53:49.336339+00:00
CRYPTO,AR,CRYPTO,GLOBAL,USD,AR,0.95194694,-0.05729413,-6.0186,671844137.5,115227492839.8,SYNTHETIC_MOCK_DATA,1.01370536,0.88603904,1.00924106,1.00924106,2026-09-17T12:53:49.336359+00:00
CRYPTO,KCS,CRYPTO,GLOBAL,USD,KCS,3.32978384,0.07211214,2.1657,454883469.54,234252078181.35,SYNTHETIC_MOCK_DATA,3.45650961,3.24621763,3.2576717,3.2576717,2026-09-17T12:53:49.336375+00:00
CRYPTO,RPL,CRYPTO,GLOBAL,USD,RPL,20.47172962,1.3970896,6.8245,5952604670.87,112694511970.59,SYNTHETIC_MOCK_DATA,21.18762187,20.07457371,19.07464002,19.07464002,2026-09-17T12:53:49.336390+00:00
CRYPTO,1INCH,CRYPTO,GLOBAL,USD,1INCH,5.49075133,-0.26418042,-4.8114,1958933773.26,248439301536.53,SYNTHETIC_MOCK_DATA,5.83812134,5.33423942,5.75493175,5.75493175,2026-09-17T12:53:49.336405+00:00
CRYPTO,ZRX,CRYPTO,GLOBAL,USD,ZRX,0.01698604,0.00125033,7.3609,9941689.24,1626535635.08,SYNTHETIC_MOCK_DATA,0.01802316,0.01585736,0.01573571,0.01573571,2026-09-17T12:53:49.336420+00:00
CRYPTO,YFI,CRYPTO,GLOBAL,USD,YFI,0.01514671,-0.00068812,-4.543,10753505.18,2831421983.68,SYNTHETIC_MOCK_DATA,0.01559202,0.01429023,0.01583483,0.01583483,2026-09-17T12:53:49.336435+00:00
CRYPTO,ENS,CRYPTO,GLOBAL,USD,ENS,0.01684176,-0.00125492,-7.4512,9102883.78,2214649908.23,SYNTHETIC_MOCK_DATA,0.01758028,0.01614292,0.01809669,0.01809669,2026-09-17T12:53:49.336450+00:00
CRYPTO,LUNC,CRYPTO,GLOBAL,USD,LUNC,2.29243268,-0.14725787,-6.4237,1510204105.26,351875116438.76,SYNTHETIC_MOCK_DATA,2.42185417,2.20573452,2.43969054,2.43969054,2026-09-17T12:53:49.336466+00:00
CRYPTO,LUNA,CRYPTO,GLOBAL,USD,LUNA,10.28464112,-0.38942705,-3.7865,2506492764.71,1098946943830.05,SYNTHETIC_MOCK_DATA,10.3586993,9.94543297,10.67406817,10.67406817,2026-09-17T12:53:49.336481+00:00
CRYPTO,CELO,CRYPTO,GLOBAL,USD,CELO,0.07100879,-0.00106089,-1.494,28506548.84,4080075743.9,SYNTHETIC_MOCK_DATA,0.07668826,0.06796947,0.07206969,0.07206969,2026-09-17T12:53:49.336498+00:00
CRYPTO,IOTA,CRYPTO,GLOBAL,USD,IOTA,22.62178372,-0.18637688,-0.8239,9577286932.11,3284717643824.92,SYNTHETIC_MOCK_DATA,22.80236983,21.12359941,22.8081606,22.8081606,2026-09-17T12:53:49.336513+00:00
CRYPTO,IOTX,CRYPTO,GLOBAL,USD,IOTX,17.28960108,-0.96240967,-5.5664,10500715376.94,1947020556104.9,SYNTHETIC_MOCK_DATA,18.09311691,17.17661239,18.25201075,18.25201075,2026-09-17T12:53:49.336528+00:00
CRYPTO,ANKR,CRYPTO,GLOBAL,USD,ANKR,12.10107707,0.79636831,6.581,3240690359.12,397505967216.23,SYNTHETIC_MOCK_DATA,12.4677338,11.5628874,11.30470876,11.30470876,2026-09-17T12:53:49.336542+00:00
CRYPTO,WOO,CRYPTO,GLOBAL,USD,WOO,109.29968435,-7.24021118,-6.6242,16665443787.18,11579518968434.38,SYNTHETIC_MOCK_DATA,117.72279272,105.61237778,116.53989553,116.53989553,2026-09-17T12:53:49.336557+00:00
CRYPTO,GMT,CRYPTO,GLOBAL,USD,GMT,1.58147669,0.04193755,2.6518,836694363.02,304197913235.61,SYNTHETIC_MOCK_DATA,1.70038888,1.53093368,1.53953914,1.53953914,2026-09-17T12:53:49.336572+00:00
CRYPTO,MASK,CRYPTO,GLOBAL,USD,MASK,0.01807342,0.00131193,7.2589,2853528.49,3404690340.52,SYNTHETIC_MOCK_DATA,0.01938862,0.01712455,0.01676149,0.01676149,2026-09-17T12:53:49.336587+00:00
CRYPTO,SFP,CRYPTO,GLOBAL,USD,SFP,29.75430087,0.50726149,1.7048,17249540145.61,5131397713383.3,SYNTHETIC_MOCK_DATA,30.78312095,27.86670816,29.24703938,29.24703938,2026-09-17T12:53:49.336602+00:00
CRYPTO,TWT,CRYPTO,GLOBAL,USD,TWT,2.8874417,0.01539136,0.533,742401672.01,287693628688.48,SYNTHETIC_MOCK_DATA,3.03611059,2.80999737,2.87205034,2.87205034,2026-09-17T12:53:49.336617+00:00
CRYPTO,RVN,CRYPTO,GLOBAL,USD,RVN,68.01250436,-1.8330821,-2.6952,42999588374.22,6645825826961.44,SYNTHETIC_MOCK_DATA,68.98462808,63.14156901,69.84558646,69.84558646,2026-09-17T12:53:49.336632+00:00
CRYPTO,DCR,CRYPTO,GLOBAL,USD,DCR,2.84331487,0.12096983,4.2545,707614866.6,34424933807.57,SYNTHETIC_MOCK_DATA,2.90684931,2.62474163,2.72234504,2.72234504,2026-09-17T12:53:49.336646+00:00
CRYPTO,DAG,CRYPTO,GLOBAL,USD,DAG,2.08778331,-0.12743361,-6.1038,411591833.31,83152768650.36,SYNTHETIC_MOCK_DATA,2.16433629,1.97550226,2.21521691,2.21521691,2026-09-17T12:53:49.336662+00:00
CRYPTO,XDC,CRYPTO,GLOBAL,USD,XDC,0.08853273,0.00407653,4.6045,64285405.91,8250001948.11,SYNTHETIC_MOCK_DATA,0.09201401,0.08305042,0.0844562,0.0844562,2026-09-17T12:53:49.336677+00:00
CRYPTO,CFX,CRYPTO,GLOBAL,USD,CFX,0.08924052,4.1e-06,0.0046,29976237.02,15060135041.72,SYNTHETIC_MOCK_DATA,0.08981171,0.08807682,0.08923641,0.08923641,2026-09-17T12:53:49.336692+00:00
CRYPTO,ONE,CRYPTO,GLOBAL,USD,ONE,48.40442389,-2.73571653,-5.6518,16488055377.13,7401560380248.08,SYNTHETIC_MOCK_DATA,49.48149204,45.86340105,51.14014042,51.14014042,2026-09-17T12:53:49.336707+00:00
CRYPTO,CKB,CRYPTO,GLOBAL,USD,CKB,0.01148703,6.554e-05,0.5706,2025250.28,2046255735.62,SYNTHETIC_MOCK_DATA,0.01216867,0.01073959,0.01142148,0.01142148,2026-09-17T12:53:49.336721+00:00
CRYPTO,KSM,CRYPTO,GLOBAL,USD,KSM,0.05307531,-0.00308489,-5.8123,38222126.21,4514460480.34,SYNTHETIC_MOCK_DATA,0.05453055,0.052516,0.0561602,0.0561602,2026-09-17T12:53:49.336736+00:00
CRYPTO,WAVES,CRYPTO,GLOBAL,USD,WAVES,0.17352404,0.00309932,1.7861,38911105.03,15827255682.84,SYNTHETIC_MOCK_DATA,0.18622679,0.16024718,0.17042472,0.17042472,2026-09-17T12:53:49.336750+00:00
CRYPTO,QTUM,CRYPTO,GLOBAL,USD,QTUM,12.26872247,0.80612432,6.5706,7857580225.51,1778147661584.23,SYNTHETIC_MOCK_DATA,12.42919299,11.99633131,11.46259815,11.46259815,2026-09-17T12:53:49.336765+00:00
CRYPTO,ONT,CRYPTO,GLOBAL,USD,ONT,0.02318907,-0.00069824,-3.0111,2464711.58,2624781789.5,SYNTHETIC_MOCK_DATA,0.02440928,0.02181112,0.02388731,0.02388731,2026-09-17T12:53:49.336780+00:00
CRYPTO,SC,CRYPTO,GLOBAL,USD,SC,260.80800255,-20.49547902,-7.8585,87542482175.07,2957074138172.39,SYNTHETIC_MOCK_DATA,265.65480224,252.38573137,281.30348157,281.30348157,2026-09-17T12:53:49.336795+00:00
CRYPTO,IOST,CRYPTO,GLOBAL,USD,IOST,2.77457513,0.0271304,0.9778,1501462760.14,169313689997.89,SYNTHETIC_MOCK_DATA,2.8808722,2.7253767,2.74744473,2.74744473,2026-09-17T12:53:49.336810+00:00
CRYPTO,GLMR,CRYPTO,GLOBAL,USD,GLMR,0.02984936,0.00105296,3.5276,11481839.82,4396200709.49,SYNTHETIC_MOCK_DATA,0.0312095,0.02904833,0.0287964,0.0287964,2026-09-17T12:53:49.336845+00:00
CRYPTO,MOVR,CRYPTO,GLOBAL,USD,MOVR,0.21967178,0.00800137,3.6424,15744577.01,21608388913.23,SYNTHETIC_MOCK_DATA,0.23116507,0.21770933,0.21167041,0.21167041,2026-09-17T12:53:49.336860+00:00
CRYPTO,ICX,CRYPTO,GLOBAL,USD,ICX,32.88948901,0.59520071,1.8097,9179092917.98,357151409236.25,SYNTHETIC_MOCK_DATA,35.46812111,30.48057187,32.2942883,32.2942883,2026-09-17T12:53:49.336875+00:00
CRYPTO,ZIL,CRYPTO,GLOBAL,USD,ZIL,6.03107966,0.30256465,5.0168,3638700912.82,793848968057.25,SYNTHETIC_MOCK_DATA,6.4690026,5.78172547,5.72851501,5.72851501,2026-09-17T12:53:49.336891+00:00
CRYPTO,HOT,CRYPTO,GLOBAL,USD,HOT,6.0421074,0.33915812,5.6132,295054512.61,1103351583886.66,SYNTHETIC_MOCK_DATA,6.14421917,5.98948354,5.70294928,5.70294928,2026-09-17T12:53:49.336906+00:00
CRYPTO,DENT,CRYPTO,GLOBAL,USD,DENT,200.12006891,8.76305059,4.3789,46887574289.45,5994981602846.02,SYNTHETIC_MOCK_DATA,206.43610794,187.23387449,191.35701832,191.35701832,2026-09-17T12:53:49.336922+00:00
CRYPTO,SKL,CRYPTO,GLOBAL,USD,SKL,9.8706768,0.13754057,1.3934,1928709463.68,427872498560.21,SYNTHETIC_MOCK_DATA,10.16215918,9.35571869,9.73313623,9.73313623,2026-09-17T12:53:49.336937+00:00
CRYPTO,STORJ,CRYPTO,GLOBAL,USD,STORJ,0.10758453,-0.00443211,-4.1197,45287261.4,4559447235.21,SYNTHETIC_MOCK_DATA,0.11089237,0.10374377,0.11201664,0.11201664,2026-09-17T12:53:49.336952+00:00
CRYPTO,LRC,CRYPTO,GLOBAL,USD,LRC,0.02498881,0.00056427,2.2581,18527103.36,270553898.04,SYNTHETIC_MOCK_DATA,0.02546995,0.02359526,0.02442454,0.02442454,2026-09-17T12:53:49.336966+00:00
CRYPTO,API3,CRYPTO,GLOBAL,USD,API3,2.03803644,-0.15708907,-7.7079,1426942019.85,138592680538.28,SYNTHETIC_MOCK_DATA,2.1803496,1.8833614,2.19512551,2.19512551,2026-09-17T12:53:49.336982+00:00
CRYPTO,AUDIO,CRYPTO,GLOBAL,USD,AUDIO,66.92110133,-3.19599235,-4.7758,8611177067.38,8720677275337.05,SYNTHETIC_MOCK_DATA,72.03916448,65.45060291,70.11709367,70.11709367,2026-09-17T12:53:49.337027+00:00
CRYPTO,YGG,CRYPTO,GLOBAL,USD,YGG,86.65444769,6.10688422,7.0474,69299900196.3,3924266770564.76,SYNTHETIC_MOCK_DATA,92.16772288,82.56161449,80.54756347,80.54756347,2026-09-17T12:53:49.337044+00:00
CRYPTO,ILV,CRYPTO,GLOBAL,USD,ILV,135.63120714,6.95665162,5.1291,37582790988.37,15857388144284.56,SYNTHETIC_MOCK_DATA,143.12432695,133.61679359,128.67455553,128.67455553,2026-09-17T12:53:49.337078+00:00
CRYPTO,MAGIC,CRYPTO,GLOBAL,USD,MAGIC,0.1220752,-0.00014953,-0.1225,6899261.71,2794485701.91,SYNTHETIC_MOCK_DATA,0.1235092,0.11908855,0.12222473,0.12222473,2026-09-17T12:53:49.337122+00:00
CRYPTO,BLUR,CRYPTO,GLOBAL,USD,BLUR,0.13108446,0.0013227,1.009,11428154.26,21681911670.37,SYNTHETIC_MOCK_DATA,0.13997656,0.12519302,0.12976175,0.12976175,2026-09-17T12:53:49.337138+00:00
CRYPTO,STRK,CRYPTO,GLOBAL,USD,STRK,0.28352495,0.02085579,7.3559,9439878.05,216749693.58,SYNTHETIC_MOCK_DATA,0.29355954,0.26863402,0.26266916,0.26266916,2026-09-17T12:53:49.337153+00:00
CRYPTO,ZK,CRYPTO,GLOBAL,USD,ZK,0.03039001,-0.00125425,-4.1272,14258799.6,5607377394.61,SYNTHETIC_MOCK_DATA,0.03244355,0.02865977,0.03164426,0.03164426,2026-09-17T12:53:49.337167+00:00
CRYPTO,MANTA,CRYPTO,GLOBAL,USD,MANTA,0.2803921,0.00292166,1.042,106369994.61,17532745741.61,SYNTHETIC_MOCK_DATA,0.28212787,0.26977185,0.27747044,0.27747044,2026-09-17T12:53:49.337185+00:00
CRYPTO,METIS,CRYPTO,GLOBAL,USD,METIS,0.40631142,0.03243435,7.9826,140186603.55,58372686142.67,SYNTHETIC_MOCK_DATA,0.41318991,0.38510577,0.37387707,0.37387707,2026-09-17T12:53:49.337199+00:00
CRYPTO,WLD,CRYPTO,GLOBAL,USD,Worldcoin,0.07157635,0.00323937,4.5258,46654333.77,1419806120.38,SYNTHETIC_MOCK_DATA,0.07582857,0.06645607,0.06833698,0.06833698,2026-09-17T12:53:49.337214+00:00
CRYPTO,JUP,CRYPTO,GLOBAL,USD,Jupiter,0.04251655,-0.0012053,-2.8349,32509362.13,4131314793.78,SYNTHETIC_MOCK_DATA,0.04333669,0.04007838,0.04372186,0.04372186,2026-09-17T12:53:49.337229+00:00
CRYPTO,PYTH,CRYPTO,GLOBAL,USD,Pyth Network,1.7146331,-0.07817283,-4.5592,74857161.66,23089215010.79,SYNTHETIC_MOCK_DATA,1.77048391,1.58796,1.79280593,1.79280593,2026-09-17T12:53:49.337243+00:00
CRYPTO,RAY,CRYPTO,GLOBAL,USD,RAY,0.75041189,0.05837005,7.7784,589156496.28,61156257913.37,SYNTHETIC_MOCK_DATA,0.76876445,0.70040598,0.69204184,0.69204184,2026-09-17T12:53:49.337257+00:00
CRYPTO,JTO,CRYPTO,GLOBAL,USD,JTO,1.32014774,0.08882182,6.7282,543321969.57,75858702208.14,SYNTHETIC_MOCK_DATA,1.42272645,1.26755887,1.23132592,1.23132592,2026-09-17T12:53:49.337272+00:00
CRYPTO,W,CRYPTO,GLOBAL,USD,W,0.01479742,0.0001394,0.942,7107245.05,1429020039.09,SYNTHETIC_MOCK_DATA,0.01531966,0.01448513,0.01465802,0.01465802,2026-09-17T12:53:49.337287+00:00
CRYPTO,ENA,CRYPTO,GLOBAL,USD,Ethena,0.51339615,-0.00993791,-1.9357,45405737.52,2312618565.86,SYNTHETIC_MOCK_DATA,0.53425425,0.49618321,0.52333406,0.52333406,2026-09-17T12:53:49.337303+00:00
CRYPTO,EIGEN,CRYPTO,GLOBAL,USD,EIGEN,102.83099747,7.45363902,7.2484,72032931902.76,13891182565202.55,SYNTHETIC_MOCK_DATA,106.01938982,96.84798984,95.37735846,95.37735846,2026-09-17T12:53:49.337318+00:00
CRYPTO,ETHFI,CRYPTO,GLOBAL,USD,ETHFI,0.45537604,0.02257995,4.9585,345656759.34,65512471171.22,SYNTHETIC_MOCK_DATA,0.48142548,0.435118,0.43279609,0.43279609,2026-09-17T12:53:49.337335+00:00
CRYPTO,ORDI,CRYPTO,GLOBAL,USD,ORDI,2.53819204,-0.19404434,-7.645,1960277551.36,46019739499.74,SYNTHETIC_MOCK_DATA,2.5999787,2.43240962,2.73223638,2.73223638,2026-09-17T12:53:49.337351+00:00
CRYPTO,SATS,CRYPTO,GLOBAL,USD,SATS,0.02322888,0.00144612,6.2255,3442876.99,2837058352.3,SYNTHETIC_MOCK_DATA,0.02464038,0.02180491,0.02178276,0.02178276,2026-09-17T12:53:49.337365+00:00
CRYPTO,TIA,CRYPTO,GLOBAL,USD,Celestia,17.0311125,0.25780312,1.5137,1429723611.99,2102305782744.11,SYNTHETIC_MOCK_DATA,17.53009485,16.01777499,16.77330939,16.77330939,2026-09-17T12:53:49.337397+00:00
CRYPTO,DYM,CRYPTO,GLOBAL,USD,DYM,0.11546513,-0.00389256,-3.3712,62948089.56,4830300599.65,SYNTHETIC_MOCK_DATA,0.12088026,0.11375333,0.11935769,0.11935769,2026-09-17T12:53:49.337413+00:00
CRYPTO,ALT,CRYPTO,GLOBAL,USD,ALT,117.58819556,7.04991205,5.9954,67675998132.12,20594688972214.51,SYNTHETIC_MOCK_DATA,120.37681703,116.8041932,110.53828351,110.53828351,2026-09-17T12:53:49.337429+00:00
CRYPTO,PORTAL,CRYPTO,GLOBAL,USD,PORTAL,8.40365588,0.33637475,4.0027,1842151692.29,1217529569833.1,SYNTHETIC_MOCK_DATA,8.92683463,8.00595589,8.06728113,8.06728113,2026-09-17T12:53:49.337444+00:00
CRYPTO,AEVO,CRYPTO,GLOBAL,USD,AEVO,2.12660639,0.00332807,0.1565,1244461500.13,290261139486.47,SYNTHETIC_MOCK_DATA,2.1989158,2.10329808,2.12327833,2.12327833,2026-09-17T12:53:49.337461+00:00
CRYPTO,PIXEL,CRYPTO,GLOBAL,USD,PIXEL,4.68074868,0.32275175,6.8953,2600417854.58,509818047446.56,SYNTHETIC_MOCK_DATA,4.99878426,4.37725034,4.35799692,4.35799692,2026-09-17T12:53:49.337475+00:00
CRYPTO,NOT,CRYPTO,GLOBAL,USD,NOT,0.06267241,0.00049653,0.7923,33590551.61,10863930704.49,SYNTHETIC_MOCK_DATA,0.06325456,0.05812958,0.06217588,0.06217588,2026-09-17T12:53:49.337489+00:00
CRYPTO,DOGS,CRYPTO,GLOBAL,USD,DOGS,1.01432732,0.07159939,7.0588,502486904.18,71859204831.51,SYNTHETIC_MOCK_DATA,1.0266459,0.98548212,0.94272792,0.94272792,2026-09-17T12:53:49.337505+00:00
CRYPTO,TURBO,CRYPTO,GLOBAL,USD,TURBO,24.3274959,0.94360928,3.8788,15756440446.97,14805107373.71,SYNTHETIC_MOCK_DATA,25.14634894,22.43281929,23.38388663,23.38388663,2026-09-17T12:53:49.337521+00:00
CRYPTO,FET,CRYPTO,GLOBAL,USD,Artificial Superintelligence Alliance,37.5909515,-1.41220357,-3.7568,7535170239.56,5970531651242.42,SYNTHETIC_MOCK_DATA,40.14097623,35.37960005,39.00315507,39.00315507,2026-09-17T12:53:49.337537+00:00
CRYPTO,AGIX,CRYPTO,GLOBAL,USD,AGIX,0.9660961,0.01319489,1.3658,159350755.16,84593900989.52,SYNTHETIC_MOCK_DATA,0.99702665,0.92322127,0.9529012,0.9529012,2026-09-17T12:53:49.337552+00:00
CRYPTO,OCEAN,CRYPTO,GLOBAL,USD,OCEAN,111.84722971,-3.46343579,-3.0966,80467770228.68,10562667884372.99,SYNTHETIC_MOCK_DATA,113.2051937,109.73162544,115.3106655,115.3106655,2026-09-17T12:53:49.337567+00:00
CRYPTO,VTHOR,CRYPTO,GLOBAL,USD,VTHOR,16.20602631,-0.18290455,-1.1286,927785770.51,538049377791.72,SYNTHETIC_MOCK_DATA,16.30985031,16.03681687,16.38893086,16.38893086,2026-09-17T12:53:49.337582+00:00
CRYPTO,VRA,CRYPTO,GLOBAL,USD,VRA,0.17607379,-0.01339695,-7.6087,89896360.01,17140721406.15,SYNTHETIC_MOCK_DATA,0.18095982,0.17178446,0.18947074,0.18947074,2026-09-17T12:53:49.337597+00:00
CRYPTO,LPT,CRYPTO,GLOBAL,USD,LPT,7.70220149,0.20690875,2.6864,1203769151.18,1072922770338.75,SYNTHETIC_MOCK_DATA,7.9687661,7.63565807,7.49529274,7.49529274,2026-09-17T12:53:49.337611+00:00
CRYPTO,AKT,CRYPTO,GLOBAL,USD,AKT,0.53128065,-0.02456224,-4.6232,209456817.42,20333164889.06,SYNTHETIC_MOCK_DATA,0.54752246,0.51962182,0.55584289,0.55584289,2026-09-17T12:53:49.337627+00:00
CRYPTO,FLUX,CRYPTO,GLOBAL,USD,FLUX,1.91715352,-0.14563445,-7.5964,47812833.96,158361621430.4,SYNTHETIC_MOCK_DATA,1.93025607,1.8461228,2.06278797,2.06278797,2026-09-17T12:53:49.337643+00:00
CRYPTO,RNDR,CRYPTO,GLOBAL,USD,Render,199.72463596,11.25314275,5.6343,40403354884.78,13308555967383.13,SYNTHETIC_MOCK_DATA,203.73031875,188.06167753,188.47149321,188.47149321,2026-09-17T12:53:49.337658+00:00
CRYPTO,ARPA,CRYPTO,GLOBAL,USD,ARPA,9.93836023,-0.52595825,-5.2922,382524021.2,1895452425813.21,SYNTHETIC_MOCK_DATA,10.03980466,9.28252175,10.46431849,10.46431849,2026-09-17T12:53:49.337674+00:00
CRYPTO,SSV,CRYPTO,GLOBAL,USD,SSV,0.87110364,-0.03484626,-4.0002,242631003.33,43809099175.22,SYNTHETIC_MOCK_DATA,0.89117424,0.84674803,0.9059499,0.9059499,2026-09-17T12:53:49.337688+00:00
CRYPTO,ETHW,CRYPTO,GLOBAL,USD,ETHW,0.04505997,-0.00015857,-0.3519,8879903.35,8990846868.55,SYNTHETIC_MOCK_DATA,0.04804909,0.04422054,0.04521853,0.04521853,2026-09-17T12:53:49.337703+00:00
CRYPTO,KDA,CRYPTO,GLOBAL,USD,KDA,2.29021871,0.11124623,4.8575,601952385.65,255227914971.58,SYNTHETIC_MOCK_DATA,2.32655502,2.25745076,2.17897247,2.17897247,2026-09-17T12:53:49.337717+00:00
CRYPTO,KLAY,CRYPTO,GLOBAL,USD,KLAY,101.97786009,3.13593292,3.0751,48451495023.33,786308470213.95,SYNTHETIC_MOCK_DATA,103.37108531,99.60428159,98.84192716,98.84192716,2026-09-17T12:53:49.337732+00:00
CRYPTO,XCH,CRYPTO,GLOBAL,USD,XCH,1.69602858,-0.00269854,-0.1591,1242501401.81,51261582691.63,SYNTHETIC_MOCK_DATA,1.74549486,1.5774609,1.69872712,1.69872712,2026-09-17T12:53:49.337747+00:00
CRYPTO,DGB,CRYPTO,GLOBAL,USD,DGB,0.03157524,-0.00022098,-0.6999,3819782.83,4148353049.23,SYNTHETIC_MOCK_DATA,0.0325409,0.02922236,0.03179622,0.03179622,2026-09-17T12:53:49.337762+00:00
CRYPTO,ZEN,CRYPTO,GLOBAL,USD,ZEN,0.18870044,0.00714961,3.7889,60109515.06,31093202411.21,SYNTHETIC_MOCK_DATA,0.19391618,0.18474464,0.18155084,0.18155084,2026-09-17T12:53:49.337777+00:00
CRYPTO,LSK,CRYPTO,GLOBAL,USD,LSK,0.01467136,0.00055177,3.7608,812596.41,1725489130.96,SYNTHETIC_MOCK_DATA,0.01567439,0.01400554,0.0141196,0.0141196,2026-09-17T12:53:49.337791+00:00
CRYPTO,SYS,CRYPTO,GLOBAL,USD,SYS,5.70654107,-0.01704178,-0.2986,2758113591.15,145733793078.19,SYNTHETIC_MOCK_DATA,6.09192882,5.32071128,5.72358285,5.72358285,2026-09-17T12:53:49.337805+00:00
CRYPTO,NMR,CRYPTO,GLOBAL,USD,NMR,5.19700442,-0.15138001,-2.9128,2261853956.79,823791199266.45,SYNTHETIC_MOCK_DATA,5.40949759,4.80409266,5.34838444,5.34838444,2026-09-17T12:53:49.337820+00:00
CRYPTO,UMA,CRYPTO,GLOBAL,USD,UMA,0.87651275,0.00301176,0.3436,689458193.0,172590163861.51,SYNTHETIC_MOCK_DATA,0.93219746,0.82178474,0.87350099,0.87350099,2026-09-17T12:53:49.337835+00:00
CRYPTO,BAND,CRYPTO,GLOBAL,USD,BAND,3.19559077,0.18153623,5.6808,1460918788.82,111308093753.99,SYNTHETIC_MOCK_DATA,3.27587712,3.14805859,3.01405454,3.01405454,2026-09-17T12:53:49.337849+00:00


FOREX,EUR/USD,EURUSD,EU,USD,Euro vs US Dollar,1.09234,0.00892,0.8234,2500000000,0,SYNTHETIC_MOCK_DATA,1.09845,1.08621,1.08934,1.08342,2026-09-17T18:23:49.326764+00:00
FOREX,GBP/USD,GBPUSD,GB,USD,British Pound vs US Dollar,1.27845,0.01234,0.9765,2100000000,0,SYNTHETIC_MOCK_DATA,1.28456,1.27123,1.27345,1.27611,2026-09-17T18:23:49.326764+00:00
FOREX,USD/JPY,USDJPY,JP,JPY,US Dollar vs Japanese Yen,148.567,-0.456,-0.3067,1800000000,0,SYNTHETIC_MOCK_DATA,149.234,148.123,148.789,149.023,2026-09-17T18:23:49.326764+00:00
FOREX,AUD/USD,AUDUSD,AU,USD,Australian Dollar vs US Dollar,0.67234,0.00123,0.1834,1500000000,0,SYNTHETIC_MOCK_DATA,0.67845,0.66876,0.67123,0.67111,2026-09-17T18:23:49.326764+00:00
FOREX,USD/CHF,USDCHF,CH,CHF,US Dollar vs Swiss Franc,0.89456,-0.00234,-0.2609,1200000000,0,SYNTHETIC_MOCK_DATA,0.89876,0.88945,0.89567,0.8969,2026-09-17T18:23:49.326764+00:00
FOREX,USD/CAD,USDCAD,CA,CAD,US Dollar vs Canadian Dollar,1.36789,0.00567,0.4145,1100000000,0,SYNTHETIC_MOCK_DATA,1.37234,1.36234,1.36456,1.36222,2026-09-17T18:23:49.326764+00:00
CRYPTO,BTC,BITCOIN,US,USD,Bitcoin,43250.50,850.75,1.9845,1850000000000,850000000000000,SYNTHETIC_MOCK_DATA,44123.45,42876.32,42900.00,42399.75,2026-09-17T18:23:49.326764+00:00
CRYPTO,ETH,ETHEREUM,US,USD,Ethereum,2345.67,-45.32,-1.8976,450000000000,280000000000,SYNTHETIC_MOCK_DATA,2456.78,2301.23,2387.54,2391.00,2026-09-17T18:23:49.326764+00:00
CRYPTO,SOL,SOLANA,US,USD,Solana,198.45,5.67,2.9145,180000000000,85000000000,SYNTHETIC_MOCK_DATA,201.23,192.34,193.45,192.78,2026-09-17T18:23:49.326764+00:00
CRYPTO,XRP,RIPPLE,US,USD,Ripple,2.45,0.089,3.7735,120000000000,130000000000,SYNTHETIC_MOCK_DATA,2.56,2.38,2.39,2.361,2026-09-17T18:23:49.326764+00:00
CRYPTO,ADA,CARDANO,US,USD,Cardano,1.05,-0.034,-3.1428,95000000000,40000000000,SYNTHETIC_MOCK_DATA,1.09,1.02,1.07,1.084,2026-09-17T18:23:49.326764+00:00
CRYPTO,DOGE,DOGECOIN,US,USD,Dogecoin,0.38,0.012,3.2568,78000000000,54000000000,SYNTHETIC_MOCK_DATA,0.41,0.37,0.37,0.368,2026-09-17T18:23:49.326764+00:00
CRYPTO,AAPL-CRYPTO,APPLE-SYNTHETIC,US,USD,Apple Synthetic Crypto,150.45,-2.34,-1.5325,320000000000,1500000000000,SYNTHETIC_MOCK_DATA,154.67,148.23,152.11,152.79,2026-09-17T18:23:49.326764+00:00
COMMODITY,GOLD,XAUUSD,US,USD,Gold per Troy Ounce,2045.67,15.45,0.7654,2500000000,0,SYNTHETIC_MOCK_DATA,2065.34,2023.45,2032.10,2030.22,2026-09-17T18:23:49.326764+00:00
COMMODITY,OIL,WTICO,US,USD,WTI Crude Oil,87.45,-1.23,-1.3918,4500000000,0,SYNTHETIC_MOCK_DATA,89.12,86.23,88.34,88.68,2026-09-17T18:23:49.326764+00:00
EQUITY,AAPL,NASDAQ,US,USD,Apple Inc.,200.05000000,0.05000000,0.0250,150000000,0,SYNTHETIC_MOCK_DATA,202.00000000,198.00000000,199.00000000,200.00000000,2026-09-17T20:00:00+00:00
EQUITY,MSFT,NASDAQ,US,USD,Microsoft Corporation,400.10000000,0.10000000,0.0250,100000000,0,SYNTHETIC_MOCK_DATA,404.00000000,396.00000000,399.00000000,400.00000000,2026-09-17T20:00:00+00:00
EQUITY,VOD.L,LSE,GB,GBP,Vodafone Group Plc,75.05000000,0.05000000,0.0667,80000000,0,SYNTHETIC_MOCK_DATA,76.00000000,74.00000000,75.00000000,75.00000000,2026-09-17T20:00:00+00:00
EQUITY,HSBA.L,LSE,GB,GBP,HSBC Holdings Plc,700.25000000,0.25000000,0.0357,70000000,0,SYNTHETIC_MOCK_DATA,705.00000000,695.00000000,699.00000000,700.00000000,2026-09-17T20:00:00+00:00
EQUITY,RELIANCE.NS,NSE,IN,INR,Reliance Industries Ltd,3001.00000000,1.00000000,0.0333,25000000,0,SYNTHETIC_MOCK_DATA,3025.00000000,2975.00000000,2995.00000000,3000.00000000,2026-09-17T20:00:00+00:00
EQUITY,TCS.NS,NSE,IN,INR,Tata Consultancy Services,4201.50000000,1.50000000,0.0357,18000000,0,SYNTHETIC_MOCK_DATA,4235.00000000,4170.00000000,4195.00000000,4200.00000000,2026-09-17T20:00:00+00:00
FOREX,GBPUSD,FOREX,GLOBAL,USD,British Pound / US Dollar,1.31050000,0.00050000,0.0382,2100000000,0,SYNTHETIC_MOCK_DATA,1.31500000,1.30500000,1.30900000,1.31000000,2026-09-17T20:00:00+00:00
FOREX,EURUSD,FOREX,GLOBAL,USD,Euro / US Dollar,1.18050000,0.00050000,0.0424,2500000000,0,SYNTHETIC_MOCK_DATA,1.18500000,1.17500000,1.17900000,1.18000000,2026-09-17T20:00:00+00:00
CRYPTO,BTCUSD,CRYPTO,GLOBAL,USD,Bitcoin / US Dollar,60010.00000000,10.00000000,0.0167,35000000000,0,SYNTHETIC_MOCK_DATA,61000.00000000,59000.00000000,59800.00000000,60000.00000000,2026-09-17T20:00:00+00:00
CRYPTO,ETHUSD,CRYPTO,GLOBAL,USD,Ethereum / US Dollar,3001.00000000,1.00000000,0.0333,18000000000,0,SYNTHETIC_MOCK_DATA,3050.00000000,2950.00000000,2990.00000000,3000.00000000,2026-09-17T20:00:00+00:00